k6_support,k7_support,shared_shells,shared_shell_types,shared_distinct_shell_count,distinct_union_shells,distinct_union_shell_count,dropped_k6_shell,added_k7_shell,replacement_type,replacement_shape,mode_1,mode_1_shell,mode_1_type,mode_2,mode_2_shell,mode_2_type
100 102 198,100 102 206,100 102,C B,2,100 102 198 206,4,198,206,B->A,clean_distinct,-10 -1 -1,102,B,0 -8 6,100,C
100 110 198,100 110 222,100 110,C B,2,100 110 198 222,4,198,222,B->A,clean_distinct,-8 -6 0,100,C,-6 7 -5,110,B
100 110 214,100 110 206,100 110,C B,2,100 110 206 214,4,214,206,B->A,clean_distinct,-8 -6 0,100,C,-5 7 -6,110,B
100 110 238,100 110 182,100 110,C B,2,100 110 182 238,4,238,182,B->A,clean_distinct,-9 -5 -2,110,B,-6 8 0,100,C
100 118 230,100 118 206,100 118,C B,2,100 118 206 230,4,230,206,B->A,clean_distinct,-10 -3 -3,118,B,0 -8 6,100,C
100 142 230,100 142 254,100 142,C B,2,100 142 230 254,4,230,254,B->A,clean_distinct,-9 -6 -5,142,B,-6 8 0,100,C
101 105 190,101 105 222,101 105,C B,2,101 105 190 222,4,190,222,B->A,clean_distinct,-10 -2 -1,105,B,0 -1 10,101,C
101 105 196,101 105 216,101 105,C B,2,101 105 196 216,4,196,216,B->A,clean_distinct,-9 -4 -2,101,C,-5 8 4,105,B
101 105 230,101 105 182,101 105,C B,2,101 105 182 230,4,230,182,B->A,clean_distinct,-10 -2 -1,105,B,-1 8 6,101,C
101 107 198,101 107 218,101 107,C B,2,101 107 198 218,4,198,218,B->A,clean_distinct,-10 -1 0,101,C,-1 5 -9,107,B
101 107 210,101 107 206,101 107,C B,2,101 107 206 210,4,210,206,B->A,clean_distinct,-10 -1 0,101,C,-1 9 -5,107,B
101 107 230,101 107 186,101 107,C B,2,101 107 186 230,4,230,186,B->A,clean_distinct,-9 -5 -1,107,B,-4 9 2,101,C
101 115 210,101 115 222,101 115,C B,2,101 115 210 222,4,210,222,B->A,clean_distinct,-9 -5 -3,115,B,-4 9 -2,101,C
101 115 214,101 115 218,101 115,C B,2,101 115 214 218,4,214,218,B->A,clean_distinct,-9 -5 -3,115,B,-4 2 9,101,C
101 115 238,101 115 194,101 115,C B,2,101 115 194 238,4,238,194,B->A,clean_distinct,-9 -5 -3,115,B,-6 8 1,101,C
101 115 246,101 115 186,101 115,C B,2,101 115 186 246,4,246,186,B->A,clean_distinct,-9 -5 -3,115,B,-4 6 7,101,C
101 121 190,101 121 254,101 121,C B,2,101 121 190 254,4,190,254,B->A,clean_distinct,-9 -6 -2,121,B,-6 4 7,101,C
101 121 210,101 121 234,101 121,C B,2,101 121 210 234,4,210,234,B->A,clean_distinct,-9 -6 -2,121,B,-4 2 9,101,C
101 121 238,101 121 206,101 121,C B,2,101 121 206 238,4,238,206,B->A,clean_distinct,-9 -6 -2,121,B,-6 8 -1,101,C
101 123 214,101 123 234,101 123,C B,2,101 123 214 234,4,214,234,B->A,clean_distinct,-8 -6 -1,101,C,-5 7 -7,123,B
101 123 230,101 123 218,101 123,C B,2,101 123 218 230,4,230,218,B->A,clean_distinct,-11 -1 -1,123,B,-1 6 8,101,C
101 129 238,101 129 222,101 129,C B,2,101 129 222 238,4,238,222,B->A,clean_distinct,-11 -2 -2,129,B,-2 4 9,101,C
101 131 230,101 131 234,101 131,C B,2,101 131 230 234,4,230,234,B->A,clean_distinct,-11 -3 -1,131,B,-2 4 9,101,C
101 131 246,101 131 218,101 131,C B,2,101 131 218 246,4,246,218,B->A,clean_distinct,-11 -3 -1,131,B,-1 8 -6,101,C
101 133 214,101 133 254,101 133,C B,2,101 133 214 254,4,214,254,B->A,clean_distinct,-9 -6 -4,133,B,-6 8 -1,101,C
101 133 246,101 133 222,101 133,C B,2,101 133 222 246,4,246,222,B->A,clean_distinct,-9 -6 -4,133,B,-2 -4 9,101,C
101 141 230,101 141 254,101 141,C B,2,101 141 230 254,4,230,254,B->A,clean_distinct,-11 -4 -2,141,B,-4 6 7,101,C
101 141 236,101 141 248,101 141,C B,2,101 141 236 248,4,236,248,B->A,clean_distinct,-11 -4 -2,141,B,-1 6 -8,101,C
102 106 230,102 106 186,102 106,B C,2,102 106 186 230,4,230,186,B->A,clean_distinct,-9 -4 -3,106,C,-2 7 -7,102,B
102 116 214,102 116 222,102 116,B C,2,102 116 214 222,4,214,222,B->A,clean_distinct,-8 -6 -4,116,C,-2 7 -7,102,B
102 116 230,102 116 206,102 116,B C,2,102 116 206 230,4,230,206,B->A,clean_distinct,-10 -4 0,116,C,-1 1 -10,102,B
102 130 230,102 130 234,102 130,B C,2,102 130 230 234,4,230,234,B->A,clean_distinct,-11 -3 0,130,C,-2 7 -7,102,B
105 109 174,105 109 254,105 109,B C,2,105 109 174 254,4,174,254,B->A,clean_distinct,-10 -3 0,109,C,-1 10 -2,105,B
105 109 246,105 109 182,105 109,B C,2,105 109 182 246,4,246,182,B->A,clean_distinct,-10 -3 0,109,C,-4 8 -5,105,B
105 113 230,105 113 206,105 113,B C,2,105 113 206 230,4,230,206,B->A,clean_distinct,-10 -3 -2,113,C,-4 8 5,105,B
105 117 196,105 117 248,105 117,B C,2,105 117 196 248,4,196,248,B->A,clean_distinct,-10 -4 -1,117,C,-4 8 -5,105,B
105 117 210,105 117 234,105 117,B C,2,105 117 210 234,4,210,234,B->A,clean_distinct,-10 -4 -1,117,C,-2 1 10,105,B
105 117 228,105 117 216,105 117,B C,2,105 117 216 228,4,228,216,B->A,clean_distinct,-10 -4 -1,117,C,-4 8 5,105,B
105 117 238,105 117 206,105 117,B C,2,105 117 206 238,4,238,206,B->A,clean_distinct,-10 -4 -1,117,C,-1 -2 10,105,B
105 125 238,105 125 222,105 125,B C,2,105 125 222 238,4,238,222,B->A,clean_distinct,-10 -4 -3,125,C,-4 5 8,105,B
105 137 230,105 137 254,105 137,B C,2,105 137 230 254,4,230,254,B->A,clean_distinct,-10 -6 -1,137,C,-5 8 -4,105,B
105 137 236,105 137 248,105 137,B C,2,105 137 236 248,4,236,248,B->A,clean_distinct,-11 -4 0,137,C,-1 2 -10,105,B
105 145 246,105 145 254,105 145,B C,2,105 145 246 254,4,246,254,B->A,clean_distinct,-12 -1 0,145,C,-1 10 -2,105,B
106 108 174,106 108 254,106 108,C B,2,106 108 174 254,4,174,254,B->A,clean_distinct,-10 -2 -2,108,B,-3 -4 9,106,C
106 108 246,106 108 182,106 108,C B,2,106 108 182 246,4,246,182,B->A,clean_distinct,-10 -2 -2,108,B,-4 3 9,106,C
106 110 184,106 110 248,106 110,C B,2,106 110 184 248,4,184,248,B->A,clean_distinct,-10 -3 -1,110,B,-4 9 -3,106,C
106 110 198,106 110 234,106 110,C B,2,106 110 198 234,4,198,234,B->A,clean_distinct,-10 -3 -1,110,B,-3 4 9,106,C
106 110 210,106 110 222,106 110,C B,2,106 110 210 222,4,210,222,B->A,clean_distinct,-9 -5 -2,110,B,-4 3 9,106,C
106 110 214,106 110 218,106 110,C B,2,106 110 214 218,4,214,218,B->A,clean_distinct,-10 -3 -1,110,B,-3 9 4,106,C
106 110 238,106 110 194,106 110,C B,2,106 110 194 238,4,238,194,B->A,clean_distinct,-9 -5 -2,110,B,-3 4 9,106,C
106 110 246,106 110 186,106 110,C B,2,106 110 186 246,4,246,186,B->A,clean_distinct,-9 -5 -2,110,B,-4 9 3,106,C
106 120 198,106 120 254,106 120,C B,2,106 120 198 254,4,198,254,B->A,clean_distinct,-10 -4 -2,120,B,-5 9 0,106,C
106 120 230,106 120 222,106 120,C B,2,106 120 222 230,4,230,222,B->A,clean_distinct,-10 -4 -2,120,B,-4 9 3,106,C
106 120 246,106 120 206,106 120,C B,2,106 120 206 246,4,246,206,B->A,clean_distinct,-10 -4 -2,120,B,-4 3 9,106,C
106 140 238,106 140 254,106 140,C B,2,106 140 238 254,4,238,254,B->A,clean_distinct,-10 -6 -2,140,B,-5 9 0,106,C
107 109 198,107 109 234,107 109,B C,2,107 109 198 234,4,198,234,B->A,clean_distinct,-10 -3 0,109,C,-3 7 -7,107,B
107 109 210,107 109 222,107 109,B C,2,107 109 210 222,4,210,222,B->A,clean_distinct,-8 -6 -3,109,C,-3 7 -7,107,B
107 109 238,107 109 194,107 109,B C,2,107 109 194 238,4,238,194,B->A,clean_distinct,-9 -5 -1,107,B,-6 8 3,109,C
107 113 246,107 113 194,107 113,B C,2,107 113 194 246,4,246,194,B->A,clean_distinct,-10 -3 -2,113,C,-1 5 -9,107,B
107 117 214,107 117 234,107 117,B C,2,107 117 214 234,4,214,234,B->A,clean_distinct,-10 -4 -1,117,C,-3 7 7,107,B
107 125 210,107 125 254,107 125,B C,2,107 125 210 254,4,210,254,B->A,clean_distinct,-10 -4 -3,125,C,-5 9 1,107,B
107 125 230,107 125 234,107 125,B C,2,107 125 230 234,4,230,234,B->A,clean_distinct,-11 -2 0,125,C,-1 5 -9,107,B
107 125 246,107 125 218,107 125,B C,2,107 125 218 246,4,246,218,B->A,clean_distinct,-11 -2 0,125,C,-1 9 -5,107,B
109 115 214,109 115 234,109 115,C B,2,109 115 214 234,4,214,234,B->A,clean_distinct,-9 -5 -3,115,B,-6 8 3,109,C
109 115 230,109 115 218,109 115,C B,2,109 115 218 230,4,230,218,B->A,clean_distinct,-10 -3 0,109,C,-3 9 -5,115,B
109 123 230,109 123 234,109 123,C B,2,109 123 230 234,4,230,234,B->A,clean_distinct,-8 -6 -3,109,C,-7 7 5,123,B
109 123 246,109 123 218,109 123,C B,2,109 123 218 246,4,246,218,B->A,clean_distinct,-11 -1 -1,123,B,0 -10 3,109,C
109 129 228,109 129 248,109 129,C B,2,109 129 228 248,4,228,248,B->A,clean_distinct,-11 -2 -2,129,B,-3 6 8,109,C
109 131 246,109 131 234,109 131,C B,2,109 131 234 246,4,246,234,B->A,clean_distinct,-11 -3 -1,131,B,-3 8 6,109,C
109 133 230,109 133 254,109 133,C B,2,109 133 230 254,4,230,254,B->A,clean_distinct,-9 -6 -4,133,B,-6 8 3,109,C
109 133 236,109 133 248,109 133,C B,2,109 133 236 248,4,236,248,B->A,clean_distinct,-9 -6 -4,133,B,-3 8 -6,109,C
110 116 198,110 116 254,110 116,B C,2,110 116 198 254,4,198,254,B->A,clean_distinct,-10 -4 0,116,C,-5 9 -2,110,B
110 116 230,110 116 222,110 116,B C,2,110 116 222 230,4,230,222,B->A,clean_distinct,-10 -4 0,116,C,-1 3 -10,110,B
110 116 246,110 116 206,110 116,B C,2,110 116 206 246,4,246,206,B->A,clean_distinct,-10 -4 0,116,C,-3 10 -1,110,B
110 130 246,110 130 234,110 130,B C,2,110 130 234 246,4,246,234,B->A,clean_distinct,-11 -3 0,130,C,-3 10 -1,110,B
110 136 238,110 136 254,110 136,B C,2,110 136 238 254,4,238,254,B->A,clean_distinct,-10 -6 0,136,C,-5 9 -2,110,B
113 121 214,113 121 254,113 121,C B,2,113 121 214 254,4,214,254,B->A,clean_distinct,-9 -6 -2,121,B,-4 9 -4,113,C
113 121 246,113 121 222,113 121,C B,2,113 121 222 246,4,246,222,B->A,clean_distinct,-9 -6 -2,121,B,-4 4 9,113,C
113 123 238,113 123 234,113 123,C B,2,113 123 234 238,4,238,234,B->A,clean_distinct,-11 -1 -1,123,B,0 -8 7,113,C
113 129 236,113 129 248,113 129,C B,2,113 129 236 248,4,236,248,B->A,clean_distinct,-10 -5 -2,129,B,-4 9 -4,113,C
113 133 238,113 133 254,113 133,C B,2,113 133 238 254,4,238,254,B->A,clean_distinct,-10 -3 -2,113,C,-4 6 9,133,B
115 117 210,115 117 254,115 117,B C,2,115 117 210 254,4,210,254,B->A,clean_distinct,-10 -4 -1,117,C,-5 9 3,115,B
115 117 230,115 117 234,115 117,B C,2,115 117 230 234,4,230,234,B->A,clean_distinct,-10 -4 -1,117,C,-3 5 9,115,B
115 117 246,115 117 218,115 117,B C,2,115 117 218 246,4,246,218,B->A,clean_distinct,-9 -5 -3,115,B,-2 7 -8,117,C
116 118 214,116 118 254,116 118,C B,2,116 118 214 254,4,214,254,B->A,clean_distinct,-10 -4 0,116,C,-3 10 -3,118,B
116 118 246,116 118 222,116 118,C B,2,116 118 222 246,4,246,222,B->A,clean_distinct,-9 -6 -1,118,B,-4 8 -6,116,C
117 121 228,117 121 248,117 121,C B,2,117 121 228 248,4,228,248,B->A,clean_distinct,-10 -4 -1,117,C,-2 6 -9,121,B
117 123 246,117 123 234,117 123,C B,2,117 123 234 246,4,246,234,B->A,clean_distinct,-11 -1 -1,123,B,-1 4 10,117,C
117 129 238,117 129 254,117 129,C B,2,117 129 238 254,4,238,254,B->A,clean_distinct,-10 -4 -1,117,C,-4 7 8,129,B
117 133 246,117 133 254,117 133,C B,2,117 133 246 254,4,246,254,B->A,clean_distinct,-10 -4 -1,117,C,-4 9 6,133,B
121 125 238,121 125 254,121 125,B C,2,121 125 238 254,4,238,254,B->A,clean_distinct,-11 -2 0,125,C,-2 9 -6,121,B
65 105 154,65 105 186,65 105,C B,2,65 105 154 186,4,154,186,B->A,clean_distinct,-8 -5 -4,105,B,0 -4 7,65,C
65 105 172,65 105 168,65 105,C B,2,65 105 168 172,4,172,168,B->A,clean_distinct,-10 -2 -1,105,B,0 -4 7,65,C
65 105 190,65 105 150,65 105,C B,2,65 105 150 190,4,190,150,B->A,clean_distinct,-10 -2 -1,105,B,0 -7 4,65,C
65 107 138,65 107 206,65 107,C B,2,65 107 138 206,4,138,206,B->A,clean_distinct,-9 -5 -1,107,B,-5 6 -2,65,C
65 107 198,65 107 146,65 107,C B,2,65 107 146 198,4,198,146,B->A,clean_distinct,-9 -5 -1,107,B,-5 6 2,65,C
65 115 138,65 115 222,65 115,C B,2,65 115 138 222,4,138,222,B->A,clean_distinct,-9 -5 -3,115,B,-5 6 -2,65,C
65 115 142,65 115 218,65 115,C B,2,65 115 142 218,4,142,218,B->A,clean_distinct,-9 -5 -3,115,B,0 -1 8,65,C
65 115 174,65 115 186,65 115,C B,2,65 115 174 186,4,174,186,B->A,clean_distinct,-9 -5 -3,115,B,-2 6 -5,65,C
65 115 210,65 115 150,65 115,C B,2,65 115 150 210,4,210,150,B->A,clean_distinct,-9 -5 -3,115,B,-4 0 7,65,C
65 115 214,65 115 146,65 115,C B,2,65 115 146 214,4,214,146,B->A,clean_distinct,-9 -5 -3,115,B,-5 2 6,65,C
65 121 138,65 121 234,65 121,C B,2,65 121 138 234,4,138,234,B->A,clean_distinct,-9 -6 -2,121,B,-2 5 6,65,C
65 121 166,65 121 206,65 121,C B,2,65 121 166 206,4,166,206,B->A,clean_distinct,-9 -6 -2,121,B,0 -4 7,65,C
65 121 214,65 121 158,65 121,C B,2,65 121 158 214,4,214,158,B->A,clean_distinct,-7 -6 -6,121,B,-4 0 7,65,C
65 123 142,65 123 234,65 123,C B,2,65 123 142 234,4,142,234,B->A,clean_distinct,-11 -1 -1,123,B,-2 -6 5,65,C
65 123 154,65 123 222,65 123,C B,2,65 123 154 222,4,154,222,B->A,clean_distinct,-7 -7 -5,123,B,-6 5 -2,65,C
65 123 230,65 123 146,65 123,C B,2,65 123 146 230,4,230,146,B->A,clean_distinct,-11 -1 -1,123,B,-2 -5 6,65,C
65 129 140,65 129 248,65 129,C B,2,65 129 140 248,4,140,248,B->A,clean_distinct,-11 -2 -2,129,B,-1 -8 0,65,C
65 129 154,65 129 234,65 129,C B,2,65 129 154 234,4,154,234,B->A,clean_distinct,-11 -2 -2,129,B,-2 -5 6,65,C
65 129 166,65 129 222,65 129,C B,2,65 129 166 222,4,166,222,B->A,clean_distinct,-11 -2 -2,129,B,0 -8 1,65,C
65 129 172,65 129 216,65 129,C B,2,65 129 172 216,4,172,216,B->A,clean_distinct,-10 -5 -2,129,B,0 -1 8,65,C
65 129 230,65 129 158,65 129,C B,2,65 129 158 230,4,230,158,B->A,clean_distinct,-11 -2 -2,129,B,0 -8 -1,65,C
65 129 236,65 129 152,65 129,C B,2,65 129 152 236,4,236,152,B->A,clean_distinct,-10 -5 -2,129,B,0 -1 -8,65,C
65 129 238,65 129 150,65 129,C B,2,65 129 150 238,4,238,150,B->A,clean_distinct,-11 -2 -2,129,B,0 -7 -4,65,C
65 131 138,65 131 254,65 131,C B,2,65 131 138 254,4,138,254,B->A,clean_distinct,-9 -7 -1,131,B,-4 0 7,65,C
65 131 174,65 131 218,65 131,C B,2,65 131 174 218,4,174,218,B->A,clean_distinct,-11 -3 -1,131,B,0 -1 -8,65,C
65 131 198,65 131 194,65 131,C B,2,65 131 194 198,4,198,194,B->A,clean_distinct,-11 -3 -1,131,B,-2 5 6,65,C
65 131 246,65 131 146,65 131,C B,2,65 131 146 246,4,246,146,B->A,clean_distinct,-11 -3 -1,131,B,0 -8 -1,65,C
65 133 174,65 133 222,65 133,C B,2,65 133 174 222,4,174,222,B->A,clean_distinct,-9 -6 -4,133,B,-2 5 -6,65,C
65 133 190,65 133 206,65 133,C B,2,65 133 190 206,4,190,206,B->A,clean_distinct,-9 -6 -4,133,B,0 -4 7,65,C
65 133 210,65 133 186,65 133,C B,2,65 133 186 210,4,210,186,B->A,clean_distinct,-9 -6 -4,133,B,-4 7 0,65,C
65 133 214,65 133 182,65 133,C B,2,65 133 182 214,4,214,182,B->A,clean_distinct,-9 -6 -4,133,B,-4 0 7,65,C
65 133 246,65 133 150,65 133,C B,2,65 133 150 246,4,246,150,B->A,clean_distinct,-9 -6 -4,133,B,-2 -5 6,65,C
65 139 154,65 139 254,65 139,C B,2,65 139 154 254,4,154,254,B->A,clean_distinct,-11 -3 -3,139,B,-2 -6 5,65,C
65 139 174,65 139 234,65 139,C B,2,65 139 174 234,4,174,234,B->A,clean_distinct,-9 -7 -3,139,B,-4 0 7,65,C
65 139 190,65 139 218,65 139,C B,2,65 139 190 218,4,190,218,B->A,clean_distinct,-9 -7 -3,139,B,0 -4 7,65,C
65 141 190,65 141 222,65 141,C B,2,65 141 190 222,4,190,222,B->A,clean_distinct,-11 -4 -2,141,B,-2 6 -5,65,C
65 141 196,65 141 216,65 141,C B,2,65 141 196 216,4,196,216,B->A,clean_distinct,-11 -4 -2,141,B,-1 0 8,65,C
65 141 230,65 141 182,65 141,C B,2,65 141 182 230,4,230,182,B->A,clean_distinct,-11 -4 -2,141,B,-2 6 5,65,C
65 147 230,65 147 194,65 147,C B,2,65 147 194 230,4,230,194,B->A,clean_distinct,-11 -5 -1,147,B,-4 7 0,65,C
65 147 238,65 147 186,65 147,C B,2,65 147 186 238,4,238,186,B->A,clean_distinct,-11 -5 -1,147,B,-2 6 5,65,C
65 155 246,65 155 194,65 155,C B,2,65 155 194 246,4,246,194,B->A,clean_distinct,-11 -5 -3,155,B,-1 0 8,65,C
65 161 204,65 161 248,65 161,C B,2,65 161 204 248,4,204,248,B->A,clean_distinct,-10 -6 -5,161,B,0 -4 7,65,C
65 161 230,65 161 222,65 161,C B,2,65 161 222 230,4,230,222,B->A,clean_distinct,-12 -4 -1,161,B,-2 5 6,65,C
65 161 236,65 161 216,65 161,C B,2,65 161 216 236,4,236,216,B->A,clean_distinct,-12 -4 -1,161,B,-2 6 -5,65,C
65 161 246,65 161 206,65 161,C B,2,65 161 206 246,4,246,206,B->A,clean_distinct,-12 -4 -1,161,B,-2 5 -6,65,C
65 165 238,65 165 222,65 165,C B,2,65 165 222 238,4,238,222,B->A,clean_distinct,-10 -8 -1,165,B,-5 6 -2,65,C
65 171 238,65 171 234,65 171,C B,2,65 171 234 238,4,238,234,B->A,clean_distinct,-11 -7 -1,171,B,0 -1 8,65,C
65 177 230,65 177 254,65 177,C B,2,65 177 230 254,4,230,254,B->A,clean_distinct,-13 -2 -2,177,B,0 -7 4,65,C
65 177 236,65 177 248,65 177,C B,2,65 177 236 248,4,236,248,B->A,clean_distinct,-13 -2 -2,177,B,-1 0 8,65,C
65 77 138,65 77 146,65 77,C B,2,65 77 138 146,4,138,146,B->A,clean_distinct,-8 -3 -2,77,B,0 -4 7,65,C
65 81 140,65 81 152,65 81,C B,2,65 81 140 152,4,140,152,B->A,clean_distinct,-8 -4 -1,81,B,-2 6 -5,65,C
65 81 142,65 81 150,65 81,C B,2,65 81 142 150,4,142,150,B->A,clean_distinct,-8 -4 -1,81,B,-2 5 -6,65,C
65 91 154,65 91 158,65 91,C B,2,65 91 154 158,4,154,158,B->A,clean_distinct,-9 -3 -1,91,B,-1 0 8,65,C
65 91 166,65 91 146,65 91,C B,2,65 91 146 166,4,166,146,B->A,clean_distinct,-9 -3 -1,91,B,-2 6 -5,65,C
65 93 166,65 93 150,65 93,C B,2,65 93 150 166,4,166,150,B->A,clean_distinct,-8 -5 -2,93,B,-2 6 -5,65,C
66 100 138,66 100 194,66 100,B C,2,66 100 138 194,4,138,194,B->A,clean_distinct,-8 -6 0,100,C,-1 -1 -8,66,B
66 100 198,66 100 134,66 100,B C,2,66 100 134 198,4,198,134,B->A,clean_distinct,-8 -6 0,100,C,-5 4 -5,66,B
66 106 198,66 106 146,66 106,B C,2,66 106 146 198,4,198,146,B->A,clean_distinct,-9 -4 -3,106,C,-5 5 4,66,B
66 106 210,66 106 134,66 106,B C,2,66 106 134 210,4,210,134,B->A,clean_distinct,-9 -4 -3,106,C,-4 -1 7,66,B
66 116 142,66 116 222,66 116,B C,2,66 116 142 222,4,142,222,B->A,clean_distinct,-10 -4 0,116,C,-4 5 -5,66,B
66 130 138,66 130 254,66 130,B C,2,66 130 138 254,4,138,254,B->A,clean_distinct,-11 -3 0,130,C,-4 5 -5,66,B
66 130 176,66 130 216,66 130,B C,2,66 130 176 216,4,176,216,B->A,clean_distinct,-11 -3 0,130,C,-1 7 -4,66,B
66 130 198,66 130 194,66 130,B C,2,66 130 194 198,4,198,194,B->A,clean_distinct,-11 -3 0,130,C,-1 4 -7,66,B
66 136 198,66 136 206,66 136,B C,2,66 136 198 206,4,198,206,B->A,clean_distinct,-10 -6 0,136,C,-4 7 -1,66,B
66 136 210,66 136 194,66 136,B C,2,66 136 194 210,4,210,194,B->A,clean_distinct,-10 -6 0,136,C,-1 1 -8,66,B
66 148 174,66 148 254,66 148,B C,2,66 148 174 254,4,174,254,B->A,clean_distinct,-12 -2 0,148,C,-1 -4 -7,66,B
66 148 210,66 148 218,66 148,B C,2,66 148 210 218,4,210,218,B->A,clean_distinct,-12 -2 0,148,C,-1 7 -4,66,B
66 170 238,66 170 234,66 170,B C,2,66 170 234 238,4,238,234,B->A,clean_distinct,-12 -5 -1,170,C,-1 1 8,66,B
66 180 238,66 180 254,66 180,B C,2,66 180 238 254,4,238,254,B->A,clean_distinct,-10 -8 -4,180,C,-4 1 7,66,B
66 82 138,66 82 158,66 82,B C,2,66 82 138 158,4,138,158,B->A,clean_distinct,-9 -1 0,82,C,-1 4 -7,66,B
66 82 144,66 82 152,66 82,B C,2,66 82 144 152,4,144,152,B->A,clean_distinct,-9 -1 0,82,C,-1 7 -4,66,B
66 90 144,66 90 168,66 90,B C,2,66 90 144 168,4,144,168,B->A,clean_distinct,-9 -3 0,90,C,-1 1 -8,66,B
66 90 154,66 90 158,66 90,B C,2,66 90 154 158,4,154,158,B->A,clean_distinct,-7 -5 -4,90,C,-1 -4 7,66,B
66 90 166,66 90 146,66 90,B C,2,66 90 146 166,4,166,146,B->A,clean_distinct,-8 -5 -1,90,C,-1 -1 8,66,B
67 101 142,67 101 194,67 101,B C,2,67 101 142 194,4,142,194,B->A,clean_distinct,-8 -6 -1,101,C,-3 3 -7,67,B
67 101 154,67 101 182,67 101,B C,2,67 101 154 182,4,154,182,B->A,clean_distinct,-9 -4 -2,101,C,-3 7 3,67,B
67 101 190,67 101 146,67 101,B C,2,67 101 146 190,4,190,146,B->A,clean_distinct,-7 -6 -4,101,C,-3 -3 7,67,B
67 113 154,67 113 206,67 113,B C,2,67 113 154 206,4,154,206,B->A,clean_distinct,-9 -4 -4,113,C,-3 3 7,67,B
67 113 166,67 113 194,67 113,B C,2,67 113 166 194,4,166,194,B->A,clean_distinct,-10 -3 -2,113,C,-3 3 7,67,B
67 113 174,67 113 186,67 113,B C,2,67 113 174 186,4,174,186,B->A,clean_distinct,-10 -3 -2,113,C,-3 7 3,67,B
67 113 210,67 113 150,67 113,B C,2,67 113 150 210,4,210,150,B->A,clean_distinct,-10 -3 -2,113,C,-3 7 -3,67,B
67 117 174,67 117 194,67 117,B C,2,67 117 174 194,4,174,194,B->A,clean_distinct,-10 -4 -1,117,C,-3 7 -3,67,B
67 125 198,67 125 186,67 125,B C,2,67 125 186 198,4,198,186,B->A,clean_distinct,-10 -4 -3,125,C,-3 3 7,67,B
67 125 238,67 125 146,67 125,B C,2,67 125 146 238,4,238,146,B->A,clean_distinct,-8 -6 -5,125,C,-7 3 3,67,B
67 137 174,67 137 234,67 137,B C,2,67 137 174 234,4,174,234,B->A,clean_distinct,-10 -6 -1,137,C,-3 7 3,67,B
67 137 214,67 137 194,67 137,B C,2,67 137 194 214,4,214,194,B->A,clean_distinct,-11 -4 0,137,C,-3 7 -3,67,B
67 145 230,67 145 194,67 145,B C,2,67 145 194 230,4,230,194,B->A,clean_distinct,-10 -6 -3,145,C,-3 3 7,67,B
67 149 198,67 149 234,67 149,B C,2,67 149 198 234,4,198,234,B->A,clean_distinct,-10 -7 0,149,C,-3 3 -7,67,B
67 149 210,67 149 222,67 149,B C,2,67 149 210 222,4,210,222,B->A,clean_distinct,-8 -7 -6,149,C,-3 -3 7,67,B
67 149 238,67 149 194,67 149,B C,2,67 149 194 238,4,238,194,B->A,clean_distinct,-9 -8 -2,149,C,-3 3 7,67,B
67 153 246,67 153 194,67 153,B C,2,67 153 194 246,4,246,194,B->A,clean_distinct,-10 -7 -2,153,C,-3 7 -3,67,B
67 169 238,67 169 234,67 169,B C,2,67 169 234 238,4,238,234,B->A,clean_distinct,-12 -5 0,169,C,-3 7 -3,67,B
67 173 246,67 173 234,67 173,B C,2,67 173 234 246,4,246,234,B->A,clean_distinct,-11 -6 -4,173,C,-3 7 -3,67,B
67 89 166,67 89 146,67 89,B C,2,67 89 146 166,4,166,146,B->A,clean_distinct,-8 -4 -3,89,C,-3 7 -3,67,B
68 102 190,68 102 150,68 102,C B,2,68 102 150 190,4,190,150,B->A,clean_distinct,-10 -1 -1,102,B,0 -8 -2,68,C
68 108 184,68 108 168,68 108,C B,2,68 108 168 184,4,184,168,B->A,clean_distinct,-10 -2 -2,108,B,-2 0 8,68,C
68 110 174,68 110 182,68 110,C B,2,68 110 174 182,4,174,182,B->A,clean_distinct,-10 -3 -1,110,B,0 -2 8,68,C
68 118 166,68 118 206,68 118,C B,2,68 118 166 206,4,166,206,B->A,clean_distinct,-10 -3 -3,118,B,-4 4 6,68,C
68 118 238,68 118 134,68 118,C B,2,68 118 134 238,4,238,134,B->A,clean_distinct,-9 -6 -1,118,B,-6 4 4,68,C
68 132 176,68 132 224,68 132,C B,2,68 132 176 224,4,176,224,B->A,clean_distinct,-10 -4 -4,132,B,-2 0 8,68,C
68 132 184,68 132 216,68 132,C B,2,68 132 184 216,4,184,216,B->A,clean_distinct,-8 -8 -2,132,B,-6 4 4,68,C
68 142 166,68 142 254,68 142,C B,2,68 142 166 254,4,166,254,B->A,clean_distinct,-9 -6 -5,142,B,-2 0 8,68,C
68 154 190,68 154 254,68 154,C B,2,68 154 190 254,4,190,254,B->A,clean_distinct,-12 -3 -1,154,B,-2 0 8,68,C
68 154 210,68 154 234,68 154,C B,2,68 154 210 234,4,210,234,B->A,clean_distinct,-9 -8 -3,154,B,-2 0 8,68,C
68 154 238,68 154 206,68 154,C B,2,68 154 206 238,4,238,206,B->A,clean_distinct,-9 -8 -3,154,B,0 -2 8,68,C
68 166 214,68 166 254,68 166,C B,2,68 166 214 254,4,214,254,B->A,clean_distinct,-9 -9 -2,166,B,-6 4 4,68,C
68 174 230,68 174 254,68 174,C B,2,68 174 230 254,4,230,254,B->A,clean_distinct,-11 -7 -2,174,B,-4 6 4,68,C
68 94 138,68 94 186,68 94,C B,2,68 94 138 186,4,138,186,B->A,clean_distinct,-9 -3 -2,94,B,-4 4 6,68,C
68 94 142,68 94 182,68 94,C B,2,68 94 142 182,4,142,182,B->A,clean_distinct,-9 -3 -2,94,B,-4 6 4,68,C
68 94 166,68 94 158,68 94,C B,2,68 94 158 166,4,166,158,B->A,clean_distinct,-9 -3 -2,94,B,-2 0 8,68,C
68 94 174,68 94 150,68 94,C B,2,68 94 150 174,4,174,150,B->A,clean_distinct,-9 -3 -2,94,B,-2 8 0,68,C
68 94 190,68 94 134,68 94,C B,2,68 94 134 190,4,190,134,B->A,clean_distinct,-7 -6 -3,94,B,-4 4 6,68,C
69 101 154,69 101 186,69 101,B C,2,69 101 154 186,4,154,186,B->A,clean_distinct,-10 -1 0,101,C,-1 2 -8,69,B
69 101 172,69 101 168,69 101,B C,2,69 101 168 172,4,172,168,B->A,clean_distinct,-9 -4 -2,101,C,-1 -2 8,69,B
69 101 190,69 101 150,69 101,B C,2,69 101 150 190,4,190,150,B->A,clean_distinct,-7 -6 -4,101,C,-2 -4 7,69,B
69 109 132,69 109 224,69 109,B C,2,69 109 132 224,4,132,224,B->A,clean_distinct,-10 -3 0,109,C,-2 -1 -8,69,B
69 109 138,69 109 218,69 109,B C,2,69 109 138 218,4,138,218,B->A,clean_distinct,-8 -6 -3,109,C,-1 2 -8,69,B
69 109 140,69 109 216,69 109,B C,2,69 109 140 216,4,140,216,B->A,clean_distinct,-10 -3 0,109,C,-4 7 -2,69,B
69 109 174,69 109 182,69 109,B C,2,69 109 174 182,4,174,182,B->A,clean_distinct,-8 -6 -3,109,C,-2 -1 8,69,B
69 109 204,69 109 152,69 109,B C,2,69 109 152 204,4,204,152,B->A,clean_distinct,-8 -6 -3,109,C,-2 4 -7,69,B
69 109 210,69 109 146,69 109,B C,2,69 109 146 210,4,210,146,B->A,clean_distinct,-10 -3 0,109,C,-1 -2 -8,69,B
69 113 142,69 113 222,69 113,B C,2,69 113 142 222,4,142,222,B->A,clean_distinct,-10 -3 -2,113,C,-4 2 7,69,B
69 113 196,69 113 168,69 113,B C,2,69 113 168 196,4,196,168,B->A,clean_distinct,-10 -3 -2,113,C,-2 -1 8,69,B
69 113 214,69 113 150,69 113,B C,2,69 113 150 214,4,214,150,B->A,clean_distinct,-9 -4 -4,113,C,-4 -2 7,69,B
69 117 138,69 117 234,69 117,B C,2,69 117 138 234,4,138,234,B->A,clean_distinct,-10 -4 -1,117,C,-2 1 -8,69,B
69 117 154,69 117 218,69 117,B C,2,69 117 154 218,4,154,218,B->A,clean_distinct,-10 -4 -1,117,C,-2 -1 8,69,B
69 117 166,69 117 206,69 117,B C,2,69 117 166 206,4,166,206,B->A,clean_distinct,-10 -4 -1,117,C,-4 7 2,69,B
69 117 190,69 117 182,69 117,B C,2,69 117 182 190,4,190,182,B->A,clean_distinct,-8 -7 -2,117,C,-2 4 -7,69,B
69 117 214,69 117 158,69 117,B C,2,69 117 158 214,4,214,158,B->A,clean_distinct,-10 -4 -1,117,C,-4 7 -2,69,B
69 117 238,69 117 134,69 117,B C,2,69 117 134 238,4,238,134,B->A,clean_distinct,-10 -4 -1,117,C,-1 -2 -8,69,B
69 125 140,69 125 248,69 125,B C,2,69 125 140 248,4,140,248,B->A,clean_distinct,-11 -2 0,125,C,-1 -8 -2,69,B
69 125 154,69 125 234,69 125,B C,2,69 125 154 234,4,154,234,B->A,clean_distinct,-11 -2 0,125,C,-2 1 -8,69,B
69 125 166,69 125 222,69 125,B C,2,69 125 166 222,4,166,222,B->A,clean_distinct,-11 -2 0,125,C,-2 4 -7,69,B
69 125 172,69 125 216,69 125,B C,2,69 125 172 216,4,172,216,B->A,clean_distinct,-10 -4 -3,125,C,-4 2 7,69,B
69 125 230,69 125 158,69 125,B C,2,69 125 158 230,4,230,158,B->A,clean_distinct,-10 -4 -3,125,C,-4 7 -2,69,B
69 125 238,69 125 150,69 125,B C,2,69 125 150 238,4,238,150,B->A,clean_distinct,-10 -4 -3,125,C,-1 2 8,69,B
69 137 196,69 137 216,69 137,B C,2,69 137 196 216,4,196,216,B->A,clean_distinct,-8 -8 -3,137,C,-4 2 7,69,B
69 145 174,69 145 254,69 145,B C,2,69 145 174 254,4,174,254,B->A,clean_distinct,-12 -1 0,145,C,-2 4 -7,69,B
69 145 210,69 145 218,69 145,B C,2,69 145 210 218,4,210,218,B->A,clean_distinct,-10 -6 -3,145,C,-2 -1 8,69,B
69 145 246,69 145 182,69 145,B C,2,69 145 182 246,4,246,182,B->A,clean_distinct,-12 -1 0,145,C,-2 8 -1,69,B
69 149 214,69 149 222,69 149,B C,2,69 149 214 222,4,214,222,B->A,clean_distinct,-12 -2 -1,149,C,-1 8 -2,69,B
69 149 230,69 149 206,69 149,B C,2,69 149 206 230,4,230,206,B->A,clean_distinct,-12 -2 -1,149,C,-2 7 4,69,B
69 153 190,69 153 254,69 153,B C,2,69 153 190 254,4,190,254,B->A,clean_distinct,-8 -8 -5,153,C,-2 -1 8,69,B
69 153 196,69 153 248,69 153,B C,2,69 153 196 248,4,196,248,B->A,clean_distinct,-11 -4 -4,153,C,-1 -2 8,69,B
69 153 210,69 153 234,69 153,B C,2,69 153 210 234,4,210,234,B->A,clean_distinct,-12 -3 0,153,C,-1 2 -8,69,B
69 153 228,69 153 216,69 153,B C,2,69 153 216 228,4,228,216,B->A,clean_distinct,-12 -3 0,153,C,-2 7 -4,69,B
69 153 238,69 153 206,69 153,B C,2,69 153 206 238,4,238,206,B->A,clean_distinct,-11 -4 -4,153,C,-4 2 7,69,B
69 157 204,69 157 248,69 157,B C,2,69 157 204 248,4,204,248,B->A,clean_distinct,-12 -3 -2,157,C,-2 -1 8,69,B
69 157 228,69 157 224,69 157,B C,2,69 157 224 228,4,228,224,B->A,clean_distinct,-11 -6 0,157,C,-1 2 -8,69,B
69 157 230,69 157 222,69 157,B C,2,69 157 222 230,4,230,222,B->A,clean_distinct,-12 -3 -2,157,C,-2 4 7,69,B
69 157 236,69 157 216,69 157,B C,2,69 157 216 236,4,236,216,B->A,clean_distinct,-12 -3 -2,157,C,-2 1 8,69,B
69 157 246,69 157 206,69 157,B C,2,69 157 206 246,4,246,206,B->A,clean_distinct,-12 -3 -2,157,C,-1 2 8,69,B
69 169 228,69 169 248,69 169,B C,2,69 169 228 248,4,228,248,B->A,clean_distinct,-12 -4 -3,169,C,-2 8 -1,69,B
69 173 230,69 173 254,69 173,B C,2,69 173 230 254,4,230,254,B->A,clean_distinct,-12 -5 -2,173,C,-1 -2 8,69,B
69 173 236,69 173 248,69 173,B C,2,69 173 236 248,4,236,248,B->A,clean_distinct,-13 -2 0,173,C,-1 8 -2,69,B
69 73 132,69 73 152,69 73,B C,2,69 73 132 152,4,132,152,B->A,clean_distinct,-8 -3 0,73,C,-2 7 -4,69,B
69 73 138,69 73 146,69 73,B C,2,69 73 138 146,4,138,146,B->A,clean_distinct,-8 -3 0,73,C,-1 2 -8,69,B
69 85 140,69 85 168,69 85,B C,2,69 85 140 168,4,140,168,B->A,clean_distinct,-9 -2 0,85,C,-1 8 -2,69,B
69 85 174,69 85 134,69 85,B C,2,69 85 134 174,4,174,134,B->A,clean_distinct,-9 -2 0,85,C,-2 4 -7,69,B
69 89 166,69 89 150,69 89,B C,2,69 89 150 166,4,166,150,B->A,clean_distinct,-9 -2 -2,89,C,-2 -1 8,69,B
69 97 138,69 97 194,69 97,B C,2,69 97 138 194,4,138,194,B->A,clean_distinct,-9 -4 0,97,C,-2 1 -8,69,B
70 116 154,70 116 218,70 116,B C,2,70 116 154 218,4,154,218,B->A,clean_distinct,-8 -6 -4,116,C,-5 6 -3,70,B
70 116 166,70 116 206,70 116,B C,2,70 116 166 206,4,166,206,B->A,clean_distinct,-10 -4 0,116,C,-3 5 -6,70,B
70 116 190,70 116 182,70 116,B C,2,70 116 182 190,4,190,182,B->A,clean_distinct,-8 -6 -4,116,C,-5 3 6,70,B
70 116 238,70 116 134,70 116,B C,2,70 116 134 238,4,238,134,B->A,clean_distinct,-10 -4 0,116,C,-5 6 -3,70,B
70 130 184,70 130 216,70 130,B C,2,70 130 184 216,4,184,216,B->A,clean_distinct,-9 -7 0,130,C,-3 5 -6,70,B
70 164 214,70 164 254,70 164,B C,2,70 164 214 254,4,214,254,B->A,clean_distinct,-10 -8 0,164,C,-3 5 -6,70,B
70 164 246,70 164 222,70 164,B C,2,70 164 222 246,4,246,222,B->A,clean_distinct,-8 -8 -6,164,C,-6 3 5,70,B
70 180 246,70 180 254,70 180,B C,2,70 180 246 254,4,246,254,B->A,clean_distinct,-10 -8 -4,180,C,-5 3 6,70,B
70 80 142,70 80 158,70 80,B C,2,70 80 142 158,4,142,158,B->A,clean_distinct,-8 -4 0,80,C,-3 5 -6,70,B
70 90 138,70 90 182,70 90,B C,2,70 90 138 182,4,138,182,B->A,clean_distinct,-8 -5 -1,90,C,-3 6 5,70,B
70 90 174,70 90 146,70 90,B C,2,70 90 146 174,4,174,146,B->A,clean_distinct,-8 -5 -1,90,C,-5 6 3,70,B
73 105 140,73 105 216,73 105,C B,2,73 105 140 216,4,140,216,B->A,clean_distinct,-10 -2 -1,105,B,0 -8 -3,73,C
73 105 174,73 105 182,73 105,C B,2,73 105 174 182,4,174,182,B->A,clean_distinct,-10 -2 -1,105,B,0 -3 8,73,C
73 105 204,73 105 152,73 105,C B,2,73 105 152 204,4,204,152,B->A,clean_distinct,-10 -2 -1,105,B,0 -8 3,73,C
73 105 210,73 105 146,73 105,C B,2,73 105 146 210,4,210,146,B->A,clean_distinct,-10 -2 -1,105,B,-1 -6 6,73,C
73 107 142,73 107 218,73 107,C B,2,73 107 142 218,4,142,218,B->A,clean_distinct,-9 -5 -1,107,B,-3 0 8,73,C
73 107 154,73 107 206,73 107,C B,2,73 107 154 206,4,154,206,B->A,clean_distinct,-9 -5 -1,107,B,-3 8 0,73,C
73 107 166,73 107 194,73 107,C B,2,73 107 166 194,4,166,194,B->A,clean_distinct,-9 -5 -1,107,B,0 -3 8,73,C
73 107 174,73 107 186,73 107,C B,2,73 107 174 186,4,174,186,B->A,clean_distinct,-8 -3 0,73,C,-3 7 -7,107,B
73 107 210,73 107 150,73 107,C B,2,73 107 150 210,4,210,150,B->A,clean_distinct,-9 -5 -1,107,B,-1 6 -6,73,C
73 107 214,73 107 146,73 107,C B,2,73 107 146 214,4,214,146,B->A,clean_distinct,-7 -7 -3,107,B,-6 1 6,73,C
73 115 230,73 115 146,73 115,C B,2,73 115 146 230,4,230,146,B->A,clean_distinct,-9 -5 -3,115,B,-6 6 1,73,C
73 121 140,73 121 248,73 121,C B,2,73 121 140 248,4,140,248,B->A,clean_distinct,-8 -3 0,73,C,-6 7 -6,121,B
73 121 154,73 121 234,73 121,C B,2,73 121 154 234,4,154,234,B->A,clean_distinct,-9 -6 -2,121,B,-6 6 -1,73,C
73 121 172,73 121 216,73 121,C B,2,73 121 172 216,4,172,216,B->A,clean_distinct,-11 0 0,121,B,-1 -6 -6,73,C
73 121 236,73 121 152,73 121,C B,2,73 121 152 236,4,236,152,B->A,clean_distinct,-9 -6 -2,121,B,-3 8 0,73,C
73 123 174,73 123 218,73 123,C B,2,73 123 174 218,4,174,218,B->A,clean_distinct,-11 -1 -1,123,B,-1 -6 6,73,C
73 123 198,73 123 194,73 123,C B,2,73 123 194 198,4,198,194,B->A,clean_distinct,-11 -1 -1,123,B,-1 6 6,73,C
73 123 246,73 123 146,73 123,C B,2,73 123 146 246,4,246,146,B->A,clean_distinct,-11 -1 -1,123,B,-3 0 8,73,C
73 129 198,73 129 206,73 129,C B,2,73 129 198 206,4,198,206,B->A,clean_distinct,-8 -7 -4,129,B,-6 6 1,73,C
73 129 236,73 129 168,73 129,C B,2,73 129 168 236,4,236,168,B->A,clean_distinct,-11 -2 -2,129,B,-3 0 8,73,C
73 129 246,73 129 158,73 129,C B,2,73 129 158 246,4,246,158,B->A,clean_distinct,-11 -2 -2,129,B,0 -8 -3,73,C
73 131 154,73 131 254,73 131,C B,2,73 131 154 254,4,154,254,B->A,clean_distinct,-11 -3 -1,131,B,-3 0 8,73,C
73 133 196,73 133 216,73 133,C B,2,73 133 196 216,4,196,216,B->A,clean_distinct,-9 -6 -4,133,B,-3 0 8,73,C
73 139 190,73 139 234,73 139,C B,2,73 139 190 234,4,190,234,B->A,clean_distinct,-11 -3 -3,139,B,-1 -6 6,73,C
73 139 230,73 139 194,73 139,C B,2,73 139 194 230,4,230,194,B->A,clean_distinct,-11 -3 -3,139,B,-3 0 8,73,C
73 141 210,73 141 218,73 141,C B,2,73 141 210 218,4,210,218,B->A,clean_distinct,-10 -5 -4,141,B,-3 0 8,73,C
73 141 246,73 141 182,73 141,C B,2,73 141 182 246,4,246,182,B->A,clean_distinct,-10 -5 -4,141,B,-1 -6 6,73,C
73 147 246,73 147 194,73 147,C B,2,73 147 194 246,4,246,194,B->A,clean_distinct,-11 -5 -1,147,B,-1 6 -6,73,C
73 161 214,73 161 254,73 161,C B,2,73 161 214 254,4,214,254,B->A,clean_distinct,-10 -6 -5,161,B,-3 0 8,73,C
73 161 246,73 161 222,73 161,C B,2,73 161 222 246,4,246,222,B->A,clean_distinct,-12 -4 -1,161,B,-1 6 -6,73,C
73 163 238,73 163 234,73 163,C B,2,73 163 234 238,4,238,234,B->A,clean_distinct,-9 -9 -1,163,B,-6 6 -1,73,C
73 177 246,73 177 254,73 177,C B,2,73 177 246 254,4,246,254,B->A,clean_distinct,-8 -8 -7,177,B,-6 1 6,73,C
73 75 138,73 75 158,73 75,C B,2,73 75 138 158,4,138,158,B->A,clean_distinct,-6 -6 -1,73,C,-5 5 -5,75,B
73 77 154,73 77 146,73 77,C B,2,73 77 146 154,4,154,146,B->A,clean_distinct,-8 -3 -2,77,B,-1 6 -6,73,C
73 77 166,73 77 134,73 77,C B,2,73 77 134 166,4,166,134,B->A,clean_distinct,-8 -3 -2,77,B,-3 0 8,73,C
73 81 140,73 81 168,73 81,C B,2,73 81 140 168,4,140,168,B->A,clean_distinct,-7 -4 -4,81,B,-1 -6 6,73,C
73 81 174,73 81 134,73 81,C B,2,73 81 134 174,4,174,134,B->A,clean_distinct,-8 -4 -1,81,B,-1 6 -6,73,C
73 83 166,73 83 146,73 83,C B,2,73 83 146 166,4,166,146,B->A,clean_distinct,-9 -1 -1,83,B,0 -8 3,73,C
73 93 198,73 93 134,73 93,C B,2,73 93 134 198,4,198,134,B->A,clean_distinct,-8 -5 -2,93,B,-6 6 1,73,C
73 99 138,73 99 206,73 99,C B,2,73 99 138 206,4,138,206,B->A,clean_distinct,-7 -5 -5,99,B,-6 -1 6,73,C
73 99 198,73 99 146,73 99,C B,2,73 99 146 198,4,198,146,B->A,clean_distinct,-8 -3 0,73,C,-1 7 -7,99,B
73 99 210,73 99 134,73 99,C B,2,73 99 134 210,4,210,134,B->A,clean_distinct,-8 -3 0,73,C,-5 7 -5,99,B
75 101 166,75 101 186,75 101,B C,2,75 101 166 186,4,166,186,B->A,clean_distinct,-10 -1 0,101,C,-1 5 -7,75,B
75 109 174,75 109 194,75 109,B C,2,75 109 174 194,4,174,194,B->A,clean_distinct,-10 -3 0,109,C,-1 5 -7,75,B
75 109 210,75 109 158,75 109,B C,2,75 109 158 210,4,210,158,B->A,clean_distinct,-8 -6 -3,109,C,-5 1 7,75,B
75 113 154,75 113 222,75 113,B C,2,75 113 154 222,4,154,222,B->A,clean_distinct,-9 -4 -4,113,C,-1 -7 5,75,B
75 113 190,75 113 186,75 113,B C,2,75 113 186 190,4,190,186,B->A,clean_distinct,-10 -3 -2,113,C,-1 7 -5,75,B
75 113 230,75 113 146,75 113,B C,2,75 113 146 230,4,230,146,B->A,clean_distinct,-10 -3 -2,113,C,-1 -7 5,75,B
75 117 166,75 117 218,75 117,B C,2,75 117 166 218,4,166,218,B->A,clean_distinct,-10 -4 -1,117,C,-1 7 -5,75,B
75 117 198,75 117 186,75 117,B C,2,75 117 186 198,4,198,186,B->A,clean_distinct,-10 -4 -1,117,C,-1 5 -7,75,B
75 117 238,75 117 146,75 117,B C,2,75 117 146 238,4,238,146,B->A,clean_distinct,-10 -4 -1,117,C,-5 7 -1,75,B
75 125 214,75 125 186,75 125,B C,2,75 125 186 214,4,214,186,B->A,clean_distinct,-8 -6 -5,125,C,-5 7 1,75,B
75 137 190,75 137 234,75 137,B C,2,75 137 190 234,4,190,234,B->A,clean_distinct,-8 -8 -3,137,C,-5 1 7,75,B
75 137 230,75 137 194,75 137,B C,2,75 137 194 230,4,230,194,B->A,clean_distinct,-11 -4 0,137,C,-1 5 -7,75,B
75 137 238,75 137 186,75 137,B C,2,75 137 186 238,4,238,186,B->A,clean_distinct,-10 -6 -1,137,C,-1 5 -7,75,B
75 149 214,75 149 234,75 149,B C,2,75 149 214 234,4,214,234,B->A,clean_distinct,-12 -2 -1,149,C,-1 5 7,75,B
75 149 230,75 149 218,75 149,B C,2,75 149 218 230,4,230,218,B->A,clean_distinct,-12 -2 -1,149,C,-1 7 -5,75,B
75 153 238,75 153 218,75 153,B C,2,75 153 218 238,4,238,218,B->A,clean_distinct,-10 -7 -2,153,C,-5 5 5,75,B
75 157 210,75 157 254,75 157,B C,2,75 157 210 254,4,210,254,B->A,clean_distinct,-12 -3 -2,157,C,-1 5 -7,75,B
75 157 230,75 157 234,75 157,B C,2,75 157 230 234,4,230,234,B->A,clean_distinct,-12 -3 -2,157,C,-1 7 -5,75,B
75 85 174,75 85 146,75 85,B C,2,75 85 146 174,4,174,146,B->A,clean_distinct,-7 -6 0,85,C,-5 7 -1,75,B
75 97 138,75 97 206,75 97,B C,2,75 97 138 206,4,138,206,B->A,clean_distinct,-9 -4 0,97,C,-5 7 -1,75,B
75 97 210,75 97 134,75 97,B C,2,75 97 134 210,4,210,134,B->A,clean_distinct,-9 -4 0,97,C,-1 7 -5,75,B
76 106 230,76 106 134,76 106,B C,2,76 106 134 230,4,230,134,B->A,clean_distinct,-9 -5 0,106,C,-6 6 -2,76,B
76 130 230,76 130 182,76 130,B C,2,76 130 182 230,4,230,182,B->A,clean_distinct,-9 -7 0,130,C,-6 6 -2,76,B
76 170 238,76 170 254,76 170,B C,2,76 170 238 254,4,238,254,B->A,clean_distinct,-9 -8 -5,170,C,-6 6 2,76,B
76 90 174,76 90 158,76 90,B C,2,76 90 158 174,4,174,158,B->A,clean_distinct,-7 -5 -4,90,C,-6 6 2,76,B
76 90 198,76 90 134,76 90,B C,2,76 90 134 198,4,198,134,B->A,clean_distinct,-8 -5 -1,90,C,-6 6 2,76,B
77 101 132,77 101 224,77 101,B C,2,77 101 132 224,4,132,224,B->A,clean_distinct,-10 -1 0,101,C,-2 -3 -8,77,B
77 101 138,77 101 218,77 101,B C,2,77 101 138 218,4,138,218,B->A,clean_distinct,-9 -4 -2,101,C,-2 8 3,77,B
77 101 140,77 101 216,77 101,B C,2,77 101 140 216,4,140,216,B->A,clean_distinct,-9 -4 -2,101,C,-3 -2 8,77,B
77 101 174,77 101 182,77 101,B C,2,77 101 174 182,4,174,182,B->A,clean_distinct,-9 -4 -2,101,C,-4 6 5,77,B
77 101 198,77 101 158,77 101,B C,2,77 101 158 198,4,198,158,B->A,clean_distinct,-9 -4 -2,101,C,-2 3 8,77,B
77 101 204,77 101 152,77 101,B C,2,77 101 152 204,4,204,152,B->A,clean_distinct,-9 -4 -2,101,C,-5 6 4,77,B
77 109 138,77 109 234,77 109,B C,2,77 109 138 234,4,138,234,B->A,clean_distinct,-10 -3 0,109,C,-3 2 -8,77,B
77 109 154,77 109 218,77 109,B C,2,77 109 154 218,4,154,218,B->A,clean_distinct,-8 -6 -3,109,C,-5 6 -4,77,B
77 109 166,77 109 206,77 109,B C,2,77 109 166 206,4,166,206,B->A,clean_distinct,-8 -6 -3,109,C,-2 -3 8,77,B
77 109 190,77 109 182,77 109,B C,2,77 109 182 190,4,190,182,B->A,clean_distinct,-8 -6 -3,109,C,-5 4 6,77,B
77 109 204,77 109 168,77 109,B C,2,77 109 168 204,4,204,168,B->A,clean_distinct,-8 -6 -3,109,C,-6 4 5,77,B
77 109 238,77 109 134,77 109,B C,2,77 109 134 238,4,238,134,B->A,clean_distinct,-8 -6 -3,109,C,-2 3 8,77,B
77 113 174,77 113 206,77 113,B C,2,77 113 174 206,4,174,206,B->A,clean_distinct,-10 -3 -2,113,C,-3 2 8,77,B
77 113 230,77 113 150,77 113,B C,2,77 113 150 230,4,230,150,B->A,clean_distinct,-10 -3 -2,113,C,-3 -2 8,77,B
77 117 154,77 117 234,77 117,B C,2,77 117 154 234,4,154,234,B->A,clean_distinct,-8 -7 -2,117,C,-4 6 5,77,B
77 117 166,77 117 222,77 117,B C,2,77 117 166 222,4,166,222,B->A,clean_distinct,-10 -4 -1,117,C,-4 5 6,77,B
77 117 172,77 117 216,77 117,B C,2,77 117 172 216,4,172,216,B->A,clean_distinct,-10 -4 -1,117,C,-4 6 5,77,B
77 117 236,77 117 152,77 117,B C,2,77 117 152 236,4,236,152,B->A,clean_distinct,-10 -4 -1,117,C,-4 6 -5,77,B
77 117 238,77 117 150,77 117,B C,2,77 117 150 238,4,238,150,B->A,clean_distinct,-10 -4 -1,117,C,-5 6 4,77,B
77 125 198,77 125 206,77 125,B C,2,77 125 198 206,4,198,206,B->A,clean_distinct,-10 -4 -3,125,C,-4 5 6,77,B
77 125 210,77 125 194,77 125,B C,2,77 125 194 210,4,210,194,B->A,clean_distinct,-10 -4 -3,125,C,-3 8 -2,77,B
77 125 236,77 125 168,77 125,B C,2,77 125 168 236,4,236,168,B->A,clean_distinct,-11 -2 0,125,C,-3 8 -2,77,B
77 137 174,77 137 254,77 137,B C,2,77 137 174 254,4,174,254,B->A,clean_distinct,-11 -4 0,137,C,-4 6 -5,77,B
77 137 246,77 137 182,77 137,B C,2,77 137 182 246,4,246,182,B->A,clean_distinct,-10 -6 -1,137,C,-4 5 -6,77,B
77 145 190,77 145 254,77 145,B C,2,77 145 190 254,4,190,254,B->A,clean_distinct,-12 -1 0,145,C,-2 8 -3,77,B
77 145 196,77 145 248,77 145,B C,2,77 145 196 248,4,196,248,B->A,clean_distinct,-9 -8 0,145,C,-5 4 -6,77,B
77 145 210,77 145 234,77 145,B C,2,77 145 210 234,4,210,234,B->A,clean_distinct,-10 -6 -3,145,C,-3 2 8,77,B
77 145 228,77 145 216,77 145,B C,2,77 145 216 228,4,228,216,B->A,clean_distinct,-9 -8 0,145,C,-5 6 -4,77,B
77 145 238,77 145 206,77 145,B C,2,77 145 206 238,4,238,206,B->A,clean_distinct,-10 -6 -3,145,C,-5 4 6,77,B
77 149 204,77 149 248,77 149,B C,2,77 149 204 248,4,204,248,B->A,clean_distinct,-12 -2 -1,149,C,-2 8 -3,77,B
77 149 228,77 149 224,77 149,B C,2,77 149 224 228,4,228,224,B->A,clean_distinct,-10 -7 0,149,C,-2 3 -8,77,B
77 149 230,77 149 222,77 149,B C,2,77 149 222 230,4,230,222,B->A,clean_distinct,-10 -7 0,149,C,-4 6 -5,77,B
77 149 236,77 149 216,77 149,B C,2,77 149 216 236,4,236,216,B->A,clean_distinct,-12 -2 -1,149,C,-2 8 3,77,B
77 149 246,77 149 206,77 149,B C,2,77 149 206 246,4,246,206,B->A,clean_distinct,-12 -2 -1,149,C,-2 3 8,77,B
77 157 246,77 157 222,77 157,B C,2,77 157 222 246,4,246,222,B->A,clean_distinct,-12 -3 -2,157,C,-2 8 -3,77,B
77 169 238,77 169 254,77 169,B C,2,77 169 238 254,4,238,254,B->A,clean_distinct,-12 -5 0,169,C,-3 8 -2,77,B
77 85 138,77 85 186,77 85,B C,2,77 85 138 186,4,138,186,B->A,clean_distinct,-9 -2 0,85,C,-2 3 -8,77,B
77 85 166,77 85 158,77 85,B C,2,77 85 158 166,4,166,158,B->A,clean_distinct,-9 -2 0,85,C,-2 8 -3,77,B
77 89 138,77 89 194,77 89,B C,2,77 89 138 194,4,138,194,B->A,clean_distinct,-9 -2 -2,89,C,-4 5 6,77,B
77 89 174,77 89 158,77 89,B C,2,77 89 158 174,4,174,158,B->A,clean_distinct,-9 -2 -2,89,C,-2 3 8,77,B
77 89 198,77 89 134,77 89,B C,2,77 89 134 198,4,198,134,B->A,clean_distinct,-8 -5 0,89,C,-3 8 -2,77,B
77 97 132,77 97 216,77 97,B C,2,77 97 132 216,4,132,216,B->A,clean_distinct,-9 -4 0,97,C,-5 6 -4,77,B
77 97 142,77 97 206,77 97,B C,2,77 97 142 206,4,142,206,B->A,clean_distinct,-9 -4 0,97,C,-4 5 -6,77,B
77 97 154,77 97 194,77 97,B C,2,77 97 154 194,4,154,194,B->A,clean_distinct,-8 -3 -2,77,B,-5 6 6,97,C
77 97 198,77 97 150,77 97,B C,2,77 97 150 198,4,198,150,B->A,clean_distinct,-9 -4 0,97,C,-4 6 -5,77,B
77 97 214,77 97 134,77 97,B C,2,77 97 134 214,4,214,134,B->A,clean_distinct,-8 -3 -2,77,B,-6 6 5,97,C
80 110 198,80 110 182,80 110,C B,2,80 110 182 198,4,198,182,B->A,clean_distinct,-10 -3 -1,110,B,0 -4 8,80,C
80 110 230,80 110 150,80 110,C B,2,80 110 150 230,4,230,150,B->A,clean_distinct,-10 -3 -1,110,B,0 -8 4,80,C
80 110 246,80 110 134,80 110,C B,2,80 110 134 246,4,246,134,B->A,clean_distinct,-10 -3 -1,110,B,0 -8 -4,80,C
80 118 142,80 118 254,80 118,C B,2,80 118 142 254,4,142,254,B->A,clean_distinct,-9 -6 -1,118,B,-4 0 8,80,C
80 118 174,80 118 222,80 118,C B,2,80 118 174 222,4,174,222,B->A,clean_distinct,-10 -3 -3,118,B,0 -8 4,80,C
80 120 184,80 120 216,80 120,C B,2,80 120 184 216,4,184,216,B->A,clean_distinct,-10 -4 -2,120,B,-4 8 0,80,C
80 142 190,80 142 254,80 142,C B,2,80 142 190 254,4,190,254,B->A,clean_distinct,-9 -6 -5,142,B,0 -4 8,80,C
80 166 238,80 166 254,80 166,C B,2,80 166 238 254,4,238,254,B->A,clean_distinct,-11 -6 -3,166,B,-4 8 0,80,C
80 88 184,80 88 152,80 88,C B,2,80 88 152 184,4,184,152,B->A,clean_distinct,-8 -4 0,80,C,-4 6 -6,88,B
80 94 142,80 94 206,80 94,C B,2,80 94 142 206,4,142,206,B->A,clean_distinct,-9 -3 -2,94,B,0 -8 4,80,C
80 94 166,80 94 182,80 94,C B,2,80 94 166 182,4,166,182,B->A,clean_distinct,-9 -3 -2,94,B,0 -4 8,80,C
80 94 198,80 94 150,80 94,C B,2,80 94 150 198,4,198,150,B->A,clean_distinct,-9 -3 -2,94,B,-4 8 0,80,C
80 94 214,80 94 134,80 94,C B,2,80 94 134 214,4,214,134,B->A,clean_distinct,-9 -3 -2,94,B,-4 0 8,80,C
81 101 214,81 101 150,81 101,B C,2,81 101 150 214,4,214,150,B->A,clean_distinct,-9 -4 -2,101,C,-4 1 8,81,B
81 101 230,81 101 134,81 101,B C,2,81 101 134 230,4,230,134,B->A,clean_distinct,-10 -1 0,101,C,-3 6 -6,81,B
81 109 132,81 109 248,81 109,B C,2,81 109 132 248,4,132,248,B->A,clean_distinct,-8 -6 -3,109,C,-4 4 -7,81,B
81 109 174,81 109 206,81 109,B C,2,81 109 174 206,4,174,206,B->A,clean_distinct,-8 -6 -3,109,C,-1 -4 8,81,B
81 109 228,81 109 152,81 109,B C,2,81 109 152 228,4,228,152,B->A,clean_distinct,-10 -3 0,109,C,-4 7 -4,81,B
81 109 230,81 109 150,81 109,B C,2,81 109 150 230,4,230,150,B->A,clean_distinct,-8 -6 -3,109,C,-7 4 4,81,B
81 109 246,81 109 134,81 109,B C,2,81 109 134 246,4,246,134,B->A,clean_distinct,-10 -3 0,109,C,-4 4 -7,81,B
81 113 140,81 113 248,81 113,B C,2,81 113 140 248,4,140,248,B->A,clean_distinct,-10 -3 -2,113,C,-4 -1 8,81,B
81 113 154,81 113 234,81 113,B C,2,81 113 154 234,4,154,234,B->A,clean_distinct,-8 -7 0,113,C,-1 4 -8,81,B
81 113 166,81 113 222,81 113,B C,2,81 113 166 222,4,166,222,B->A,clean_distinct,-10 -3 -2,113,C,-4 4 7,81,B
81 113 172,81 113 216,81 113,B C,2,81 113 172 216,4,172,216,B->A,clean_distinct,-10 -3 -2,113,C,-4 7 4,81,B
81 113 230,81 113 158,81 113,B C,2,81 113 158 230,4,230,158,B->A,clean_distinct,-10 -3 -2,113,C,-4 8 -1,81,B
81 113 236,81 113 152,81 113,B C,2,81 113 152 236,4,236,152,B->A,clean_distinct,-10 -3 -2,113,C,-4 1 8,81,B
81 113 238,81 113 150,81 113,B C,2,81 113 150 238,4,238,150,B->A,clean_distinct,-10 -3 -2,113,C,-1 8 4,81,B
81 117 142,81 117 254,81 117,B C,2,81 117 142 254,4,142,254,B->A,clean_distinct,-10 -4 -1,117,C,-4 1 8,81,B
81 117 174,81 117 222,81 117,B C,2,81 117 174 222,4,174,222,B->A,clean_distinct,-10 -4 -1,117,C,-3 6 -6,81,B
81 117 190,81 117 206,81 117,B C,2,81 117 190 206,4,190,206,B->A,clean_distinct,-8 -7 -2,117,C,-1 4 -8,81,B
81 117 210,81 117 186,81 117,B C,2,81 117 186 210,4,210,186,B->A,clean_distinct,-9 -6 0,117,C,-4 7 -4,81,B
81 117 214,81 117 182,81 117,B C,2,81 117 182 214,4,214,182,B->A,clean_distinct,-10 -4 -1,117,C,-4 7 4,81,B
81 117 228,81 117 168,81 117,B C,2,81 117 168 228,4,228,168,B->A,clean_distinct,-9 -6 0,117,C,-1 4 -8,81,B
81 117 238,81 117 158,81 117,B C,2,81 117 158 238,4,238,158,B->A,clean_distinct,-8 -7 -2,117,C,-7 4 4,81,B
81 125 190,81 125 222,81 125,B C,2,81 125 190 222,4,190,222,B->A,clean_distinct,-8 -6 -5,125,C,-1 -4 8,81,B
81 125 196,81 125 216,81 125,B C,2,81 125 196 216,4,196,216,B->A,clean_distinct,-11 -2 0,125,C,-1 8 -4,81,B
81 125 230,81 125 182,81 125,B C,2,81 125 182 230,4,230,182,B->A,clean_distinct,-10 -4 -3,125,C,-4 1 8,81,B
81 137 214,81 137 222,81 137,B C,2,81 137 214 222,4,214,222,B->A,clean_distinct,-10 -6 -1,137,C,-4 7 -4,81,B
81 137 230,81 137 206,81 137,B C,2,81 137 206 230,4,230,206,B->A,clean_distinct,-10 -6 -1,137,C,-4 7 4,81,B
81 145 198,81 145 254,81 145,B C,2,81 145 198 254,4,198,254,B->A,clean_distinct,-10 -6 -3,145,C,-4 7 4,81,B
81 145 204,81 145 248,81 145,B C,2,81 145 204 248,4,204,248,B->A,clean_distinct,-10 -6 -3,145,C,-4 8 1,81,B
81 145 236,81 145 216,81 145,B C,2,81 145 216 236,4,236,216,B->A,clean_distinct,-10 -6 -3,145,C,-4 4 7,81,B
81 145 246,81 145 206,81 145,B C,2,81 145 206 246,4,246,206,B->A,clean_distinct,-10 -6 -3,145,C,-4 1 8,81,B
81 149 238,81 149 222,81 149,B C,2,81 149 222 238,4,238,222,B->A,clean_distinct,-12 -2 -1,149,C,-1 4 8,81,B
81 153 246,81 153 222,81 153,B C,2,81 153 222 246,4,246,222,B->A,clean_distinct,-9 -6 -6,153,C,-4 -1 8,81,B
81 85 138,81 85 194,81 85,B C,2,81 85 138 194,4,138,194,B->A,clean_distinct,-7 -6 0,85,C,-4 7 -4,81,B
81 85 174,81 85 158,81 85,B C,2,81 85 158 174,4,174,158,B->A,clean_distinct,-7 -6 0,85,C,-4 4 -7,81,B
81 89 154,81 89 186,81 89,B C,2,81 89 154 186,4,154,186,B->A,clean_distinct,-8 -5 0,89,C,-4 8 -1,81,B
81 89 172,81 89 168,81 89,B C,2,81 89 168 172,4,172,168,B->A,clean_distinct,-9 -2 -2,89,C,-1 -4 8,81,B
81 89 190,81 89 150,81 89,B C,2,81 89 150 190,4,190,150,B->A,clean_distinct,-7 -6 -2,89,C,-4 4 7,81,B
81 97 132,81 97 224,81 97,B C,2,81 97 132 224,4,132,224,B->A,clean_distinct,-9 -4 0,97,C,-1 8 -4,81,B
81 97 138,81 97 218,81 97,B C,2,81 97 138 218,4,138,218,B->A,clean_distinct,-9 -4 0,97,C,-4 4 -7,81,B
81 97 140,81 97 216,81 97,B C,2,81 97 140 216,4,140,216,B->A,clean_distinct,-8 -4 -1,81,B,-6 6 5,97,C
81 97 174,81 97 182,81 97,B C,2,81 97 174 182,4,174,182,B->A,clean_distinct,-7 -4 -4,81,B,-6 5 6,97,C
81 97 198,81 97 158,81 97,B C,2,81 97 158 198,4,198,158,B->A,clean_distinct,-8 -4 -1,81,B,-5 6 6,97,C
81 97 204,81 97 152,81 97,B C,2,81 97 152 204,4,204,152,B->A,clean_distinct,-7 -4 -4,81,B,-5 6 6,97,C
82 108 174,82 108 206,82 108,C B,2,82 108 174 206,4,174,206,B->A,clean_distinct,-10 -2 -2,108,B,-3 3 8,82,C
82 108 230,82 108 150,82 108,C B,2,82 108 150 230,4,230,150,B->A,clean_distinct,-10 -2 -2,108,B,-3 -3 8,82,C
82 108 246,82 108 134,82 108,C B,2,82 108 134 246,4,246,134,B->A,clean_distinct,-10 -2 -2,108,B,-1 -9 0,82,C
82 110 166,82 110 218,82 110,C B,2,82 110 166 218,4,166,218,B->A,clean_distinct,-10 -3 -1,110,B,-3 3 8,82,C
82 110 190,82 110 194,82 110,C B,2,82 110 190 194,4,190,194,B->A,clean_distinct,-10 -3 -1,110,B,-1 0 9,82,C
82 110 198,82 110 186,82 110,C B,2,82 110 186 198,4,198,186,B->A,clean_distinct,-10 -3 -1,110,B,-3 8 3,82,C
82 110 238,82 110 146,82 110,C B,2,82 110 146 238,4,238,146,B->A,clean_distinct,-9 -5 -2,110,B,0 -1 -9,82,C
82 118 166,82 118 234,82 118,C B,2,82 118 166 234,4,166,234,B->A,clean_distinct,-10 -3 -3,118,B,-1 0 9,82,C
82 120 198,82 120 206,82 120,C B,2,82 120 198 206,4,198,206,B->A,clean_distinct,-10 -4 -2,120,B,-3 3 8,82,C
82 120 210,82 120 194,82 120,C B,2,82 120 194 210,4,210,194,B->A,clean_distinct,-10 -4 -2,120,B,-3 8 -3,82,C
82 120 246,82 120 158,82 120,C B,2,82 120 158 246,4,246,158,B->A,clean_distinct,-10 -4 -2,120,B,0 -1 -9,82,C
82 132 246,82 132 182,82 132,C B,2,82 132 182 246,4,246,182,B->A,clean_distinct,-8 -8 -2,132,B,-3 3 -8,82,C
82 138 246,82 138 194,82 138,C B,2,82 138 194 246,4,246,194,B->A,clean_distinct,-11 -4 -1,138,B,-3 3 8,82,C
82 140 238,82 140 206,82 140,C B,2,82 140 206 238,4,238,206,B->A,clean_distinct,-10 -6 -2,140,B,-1 0 9,82,C
82 142 214,82 142 234,82 142,C B,2,82 142 214 234,4,214,234,B->A,clean_distinct,-9 -6 -5,142,B,-3 -3 8,82,C
82 84 138,82 84 194,82 84,C B,2,82 84 138 194,4,138,194,B->A,clean_distinct,-9 -1 0,82,C,-2 4 -8,84,B
82 84 174,82 84 158,82 84,C B,2,82 84 158 174,4,174,158,B->A,clean_distinct,-8 -4 -2,84,B,-3 3 8,82,C
83 101 174,83 101 194,83 101,B C,2,83 101 174 194,4,174,194,B->A,clean_distinct,-9 -4 -2,101,C,-1 -1 9,83,B
83 101 210,83 101 158,83 101,B C,2,83 101 158 210,4,210,158,B->A,clean_distinct,-9 -4 -2,101,C,-1 1 9,83,B
83 109 166,83 109 218,83 109,B C,2,83 109 166 218,4,166,218,B->A,clean_distinct,-10 -3 0,109,C,-1 -1 -9,83,B
83 109 190,83 109 194,83 109,B C,2,83 109 190 194,4,190,194,B->A,clean_distinct,-8 -6 -3,109,C,-5 3 7,83,B
83 109 198,83 109 186,83 109,B C,2,83 109 186 198,4,198,186,B->A,clean_distinct,-8 -6 -3,109,C,-3 7 -5,83,B
83 109 238,83 109 146,83 109,B C,2,83 109 146 238,4,238,146,B->A,clean_distinct,-8 -6 -3,109,C,-7 3 5,83,B
83 113 138,83 113 254,83 113,B C,2,83 113 138 254,4,138,254,B->A,clean_distinct,-10 -3 -2,113,C,-3 5 -7,83,B
83 113 174,83 113 218,83 113,B C,2,83 113 174 218,4,174,218,B->A,clean_distinct,-10 -3 -2,113,C,-1 1 9,83,B
83 113 198,83 113 194,83 113,B C,2,83 113 194 198,4,198,194,B->A,clean_distinct,-10 -3 -2,113,C,-3 5 7,83,B
83 113 246,83 113 146,83 113,B C,2,83 113 146 246,4,246,146,B->A,clean_distinct,-10 -3 -2,113,C,-1 1 -9,83,B
83 117 166,83 117 234,83 117,B C,2,83 117 166 234,4,166,234,B->A,clean_distinct,-10 -4 -1,117,C,-3 5 -7,83,B
83 117 214,83 117 186,83 117,B C,2,83 117 186 214,4,214,186,B->A,clean_distinct,-10 -4 -1,117,C,-3 7 -5,83,B
83 125 198,83 125 218,83 125,B C,2,83 125 198 218,4,198,218,B->A,clean_distinct,-10 -5 0,125,C,-3 5 -7,83,B
83 125 230,83 125 186,83 125,B C,2,83 125 186 230,4,230,186,B->A,clean_distinct,-10 -4 -3,125,C,-3 5 7,83,B
83 137 246,83 137 194,83 137,B C,2,83 137 194 246,4,246,194,B->A,clean_distinct,-11 -4 0,137,C,-3 5 -7,83,B
83 149 230,83 149 234,83 149,B C,2,83 149 230 234,4,230,234,B->A,clean_distinct,-12 -2 -1,149,C,-1 1 9,83,B
83 149 246,83 149 218,83 149,B C,2,83 149 218 246,4,246,218,B->A,clean_distinct,-12 -2 -1,149,C,-1 9 1,83,B
83 153 238,83 153 234,83 153,B C,2,83 153 234 238,4,238,234,B->A,clean_distinct,-10 -7 -2,153,C,-1 -1 9,83,B
83 157 246,83 157 234,83 157,B C,2,83 157 234 246,4,246,234,B->A,clean_distinct,-12 -3 -2,157,C,-1 -1 9,83,B
83 85 142,83 85 194,83 85,B C,2,83 85 142 194,4,142,194,B->A,clean_distinct,-9 -2 0,85,C,-3 7 -5,83,B
83 85 154,83 85 182,83 85,B C,2,83 85 154 182,4,154,182,B->A,clean_distinct,-9 -2 0,85,C,-1 1 -9,83,B
83 85 190,83 85 146,83 85,B C,2,83 85 146 190,4,190,146,B->A,clean_distinct,-9 -2 0,85,C,-1 -1 -9,83,B
83 89 138,83 89 206,83 89,B C,2,83 89 138 206,4,138,206,B->A,clean_distinct,-9 -1 -1,83,B,-2 -6 7,89,C
83 89 198,83 89 146,83 89,B C,2,83 89 146 198,4,198,146,B->A,clean_distinct,-9 -1 -1,83,B,0 -8 -5,89,C
83 89 210,83 89 134,83 89,B C,2,83 89 134 210,4,210,134,B->A,clean_distinct,-9 -1 -1,83,B,-2 -7 6,89,C
83 97 154,83 97 206,83 97,B C,2,83 97 154 206,4,154,206,B->A,clean_distinct,-9 -4 0,97,C,-1 -1 -9,83,B
83 97 166,83 97 194,83 97,B C,2,83 97 166 194,4,166,194,B->A,clean_distinct,-9 -4 0,97,C,-3 5 -7,83,B
83 97 174,83 97 186,83 97,B C,2,83 97 174 186,4,174,186,B->A,clean_distinct,-7 -5 -3,83,B,-6 6 5,97,C
83 97 214,83 97 146,83 97,B C,2,83 97 146 214,4,214,146,B->A,clean_distinct,-9 -4 0,97,C,-5 7 -3,83,B
84 100 144,84 100 224,84 100,B C,2,84 100 144 224,4,144,224,B->A,clean_distinct,-10 0 0,100,C,-2 -8 -4,84,B
84 106 198,84 106 182,84 106,B C,2,84 106 182 198,4,198,182,B->A,clean_distinct,-9 -5 0,106,C,-4 8 -2,84,B
84 106 230,84 106 150,84 106,B C,2,84 106 150 230,4,230,150,B->A,clean_distinct,-9 -4 -3,106,C,-4 -2 8,84,B
84 116 176,84 116 224,84 116,B C,2,84 116 176 224,4,176,224,B->A,clean_distinct,-10 -4 0,116,C,-2 8 -4,84,B
84 116 184,84 116 216,84 116,B C,2,84 116 184 216,4,184,216,B->A,clean_distinct,-10 -4 0,116,C,-4 8 -2,84,B
84 130 174,84 130 254,84 130,B C,2,84 130 174 254,4,174,254,B->A,clean_distinct,-11 -3 0,130,C,-4 8 -2,84,B
84 130 210,84 130 218,84 130,B C,2,84 130 210 218,4,210,218,B->A,clean_distinct,-11 -3 0,130,C,-2 8 -4,84,B
84 90 154,84 90 194,84 90,B C,2,84 90 154 194,4,154,194,B->A,clean_distinct,-8 -5 -1,90,C,-4 8 2,84,B
84 90 166,84 90 182,84 90,B C,2,84 90 166 182,4,166,182,B->A,clean_distinct,-8 -5 -1,90,C,-2 4 -8,84,B
84 90 198,84 90 150,84 90,B C,2,84 90 150 198,4,198,150,B->A,clean_distinct,-9 -3 0,90,C,-4 8 -2,84,B
84 90 214,84 90 134,84 90,B C,2,84 90 134 214,4,214,134,B->A,clean_distinct,-8 -5 -1,90,C,-2 8 -4,84,B
85 105 132,85 105 248,85 105,C B,2,85 105 132 248,4,132,248,B->A,clean_distinct,-10 -2 -1,105,B,-2 0 -9,85,C
85 105 174,85 105 206,85 105,C B,2,85 105 174 206,4,174,206,B->A,clean_distinct,-10 -2 -1,105,B,0 -7 6,85,C
85 105 228,85 105 152,85 105,C B,2,85 105 152 228,4,228,152,B->A,clean_distinct,-10 -2 -1,105,B,0 -6 -7,85,C
85 105 230,85 105 150,85 105,C B,2,85 105 150 230,4,230,150,B->A,clean_distinct,-10 -2 -1,105,B,0 -9 -2,85,C
85 107 166,85 107 218,85 107,C B,2,85 107 166 218,4,166,218,B->A,clean_distinct,-9 -2 0,85,C,-3 7 -7,107,B
85 107 190,85 107 194,85 107,C B,2,85 107 190 194,4,190,194,B->A,clean_distinct,-9 -5 -1,107,B,0 -2 9,85,C
85 107 238,85 107 146,85 107,C B,2,85 107 146 238,4,238,146,B->A,clean_distinct,-9 -5 -1,107,B,0 -6 7,85,C
85 115 166,85 115 234,85 115,C B,2,85 115 166 234,4,166,234,B->A,clean_distinct,-9 -5 -3,115,B,0 -7 6,85,C
85 121 230,85 121 182,85 121,C B,2,85 121 182 230,4,230,182,B->A,clean_distinct,-9 -6 -2,121,B,-6 7 0,85,C
85 123 210,85 123 206,85 123,C B,2,85 123 206 210,4,210,206,B->A,clean_distinct,-11 -1 -1,123,B,0 -7 6,85,C
85 123 230,85 123 186,85 123,C B,2,85 123 186 230,4,230,186,B->A,clean_distinct,-11 -1 -1,123,B,0 -9 -2,85,C
85 129 174,85 129 254,85 129,C B,2,85 129 174 254,4,174,254,B->A,clean_distinct,-9 -2 0,85,C,-4 8 -7,129,B
85 129 210,85 129 218,85 129,C B,2,85 129 210 218,4,210,218,B->A,clean_distinct,-11 -2 -2,129,B,0 -7 6,85,C
85 129 246,85 129 182,85 129,C B,2,85 129 182 246,4,246,182,B->A,clean_distinct,-10 -5 -2,129,B,0 -6 7,85,C
85 131 198,85 131 234,85 131,C B,2,85 131 198 234,4,198,234,B->A,clean_distinct,-9 -7 -1,131,B,-2 0 9,85,C
85 131 210,85 131 222,85 131,C B,2,85 131 210 222,4,210,222,B->A,clean_distinct,-11 -3 -1,131,B,0 -2 9,85,C
85 131 238,85 131 194,85 131,C B,2,85 131 194 238,4,238,194,B->A,clean_distinct,-11 -3 -1,131,B,0 -6 7,85,C
85 131 246,85 131 186,85 131,C B,2,85 131 186 246,4,246,186,B->A,clean_distinct,-11 -3 -1,131,B,0 -7 6,85,C
85 139 214,85 139 234,85 139,C B,2,85 139 214 234,4,214,234,B->A,clean_distinct,-11 -3 -3,139,B,-2 0 9,85,C
85 139 230,85 139 218,85 139,C B,2,85 139 218 230,4,230,218,B->A,clean_distinct,-11 -3 -3,139,B,0 -7 6,85,C
85 141 198,85 141 254,85 141,C B,2,85 141 198 254,4,198,254,B->A,clean_distinct,-11 -4 -2,141,B,-2 9 0,85,C
85 141 204,85 141 248,85 141,C B,2,85 141 204 248,4,204,248,B->A,clean_distinct,-10 -5 -4,141,B,0 -7 6,85,C
85 141 230,85 141 222,85 141,C B,2,85 141 222 230,4,230,222,B->A,clean_distinct,-10 -5 -4,141,B,0 -6 7,85,C
85 141 246,85 141 206,85 141,C B,2,85 141 206 246,4,246,206,B->A,clean_distinct,-11 -4 -2,141,B,0 -6 7,85,C
85 147 230,85 147 234,85 147,C B,2,85 147 230 234,4,230,234,B->A,clean_distinct,-11 -5 -1,147,B,0 -2 9,85,C
85 147 246,85 147 218,85 147,C B,2,85 147 218 246,4,246,218,B->A,clean_distinct,-7 -7 -7,147,B,-7 0 6,85,C
85 161 238,85 161 254,85 161,C B,2,85 161 238 254,4,238,254,B->A,clean_distinct,-11 -6 -2,161,B,-2 0 9,85,C
85 93 132,85 93 224,85 93,C B,2,85 93 132 224,4,132,224,B->A,clean_distinct,-8 -5 -2,93,B,0 -7 6,85,C
85 93 174,85 93 182,85 93,C B,2,85 93 174 182,4,174,182,B->A,clean_distinct,-9 -2 0,85,C,-2 8 -5,93,B
85 93 204,85 93 152,85 93,C B,2,85 93 152 204,4,204,152,B->A,clean_distinct,-8 -5 -2,93,B,-6 7 0,85,C
85 93 210,85 93 146,85 93,C B,2,85 93 146 210,4,210,146,B->A,clean_distinct,-8 -5 -2,93,B,0 -6 7,85,C
85 99 174,85 99 194,85 99,C B,2,85 99 174 194,4,174,194,B->A,clean_distinct,-9 -2 0,85,C,-1 7 -7,99,B
88 106 154,88 106 234,88 106,B C,2,88 106 154 234,4,154,234,B->A,clean_distinct,-9 -4 -3,106,C,-6 4 6,88,B
88 106 230,88 106 158,88 106,B C,2,88 106 158 230,4,230,158,B->A,clean_distinct,-9 -4 -3,106,C,-6 6 4,88,B
88 130 230,88 130 206,88 130,B C,2,88 130 206 230,4,230,206,B->A,clean_distinct,-9 -7 0,130,C,-4 6 -6,88,B
88 90 174,88 90 182,88 90,B C,2,88 90 174 182,4,174,182,B->A,clean_distinct,-7 -5 -4,90,C,-6 4 6,88,B
89 105 140,89 105 248,89 105,C B,2,89 105 140 248,4,140,248,B->A,clean_distinct,-10 -2 -1,105,B,-4 8 -3,89,C
89 105 154,89 105 234,89 105,C B,2,89 105 154 234,4,154,234,B->A,clean_distinct,-8 -5 -4,105,B,-4 8 3,89,C
89 105 166,89 105 222,89 105,C B,2,89 105 166 222,4,166,222,B->A,clean_distinct,-10 -2 -1,105,B,-3 4 8,89,C
89 105 172,89 105 216,89 105,C B,2,89 105 172 216,4,172,216,B->A,clean_distinct,-10 -2 -1,105,B,0 -8 5,89,C
89 105 230,89 105 158,89 105,C B,2,89 105 158 230,4,230,158,B->A,clean_distinct,-10 -2 -1,105,B,-3 8 -4,89,C
89 105 236,89 105 152,89 105,C B,2,89 105 152 236,4,236,152,B->A,clean_distinct,-10 -2 -1,105,B,-4 8 3,89,C
89 105 238,89 105 150,89 105,C B,2,89 105 150 238,4,238,150,B->A,clean_distinct,-8 -5 -4,105,B,-7 2 6,89,C
89 107 138,89 107 254,89 107,C B,2,89 107 138 254,4,138,254,B->A,clean_distinct,-9 -5 -1,107,B,-4 3 -8,89,C
89 107 174,89 107 218,89 107,C B,2,89 107 174 218,4,174,218,B->A,clean_distinct,-9 -5 -1,107,B,-2 7 -6,89,C
89 107 198,89 107 194,89 107,C B,2,89 107 194 198,4,198,194,B->A,clean_distinct,-9 -5 -1,107,B,-4 8 -3,89,C
89 107 210,89 107 182,89 107,C B,2,89 107 182 210,4,210,182,B->A,clean_distinct,-9 -5 -1,107,B,-4 8 3,89,C
89 107 246,89 107 146,89 107,C B,2,89 107 146 246,4,246,146,B->A,clean_distinct,-9 -5 -1,107,B,-2 9 -2,89,C
89 115 154,89 115 254,89 115,C B,2,89 115 154 254,4,154,254,B->A,clean_distinct,-9 -5 -3,115,B,-6 7 -2,89,C
89 115 214,89 115 194,89 115,C B,2,89 115 194 214,4,214,194,B->A,clean_distinct,-9 -5 -3,115,B,-5 8 0,89,C
89 121 166,89 121 254,89 121,C B,2,89 121 166 254,4,166,254,B->A,clean_distinct,-11 0 0,121,B,-2 -9 -2,89,C
89 121 172,89 121 248,89 121,C B,2,89 121 172 248,4,172,248,B->A,clean_distinct,-9 -6 -2,121,B,-3 4 -8,89,C
89 121 198,89 121 222,89 121,C B,2,89 121 198 222,4,198,222,B->A,clean_distinct,-9 -6 -2,121,B,-4 8 -3,89,C
89 121 204,89 121 216,89 121,C B,2,89 121 204 216,4,204,216,B->A,clean_distinct,-9 -6 -2,121,B,-5 8 0,89,C
89 121 214,89 121 206,89 121,C B,2,89 121 206 214,4,214,206,B->A,clean_distinct,-9 -6 -2,121,B,-4 3 8,89,C
89 121 238,89 121 182,89 121,C B,2,89 121 182 238,4,238,182,B->A,clean_distinct,-9 -6 -2,121,B,0 -5 8,89,C
89 123 190,89 123 234,89 123,C B,2,89 123 190 234,4,190,234,B->A,clean_distinct,-11 -1 -1,123,B,-2 2 9,89,C
89 123 230,89 123 194,89 123,C B,2,89 123 194 230,4,230,194,B->A,clean_distinct,-11 -1 -1,123,B,-2 6 7,89,C
89 123 238,89 123 186,89 123,C B,2,89 123 186 238,4,238,186,B->A,clean_distinct,-11 -1 -1,123,B,0 -8 -5,89,C
89 129 214,89 129 222,89 129,C B,2,89 129 214 222,4,214,222,B->A,clean_distinct,-10 -5 -2,129,B,-3 8 -4,89,C
89 129 230,89 129 206,89 129,C B,2,89 129 206 230,4,230,206,B->A,clean_distinct,-11 -2 -2,129,B,0 -8 5,89,C
89 131 246,89 131 194,89 131,C B,2,89 131 194 246,4,246,194,B->A,clean_distinct,-11 -3 -1,131,B,-3 4 8,89,C
89 133 196,89 133 248,89 133,C B,2,89 133 196 248,4,196,248,B->A,clean_distinct,-9 -6 -4,133,B,-5 0 8,89,C
89 133 210,89 133 234,89 133,C B,2,89 133 210 234,4,210,234,B->A,clean_distinct,-9 -6 -4,133,B,-2 -2 9,89,C
89 133 228,89 133 216,89 133,C B,2,89 133 216 228,4,228,216,B->A,clean_distinct,-9 -6 -4,133,B,-5 8 0,89,C
89 139 238,89 139 218,89 139,C B,2,89 139 218 238,4,238,218,B->A,clean_distinct,-9 -7 -3,139,B,-2 -2 9,89,C
89 141 238,89 141 222,89 141,C B,2,89 141 222 238,4,238,222,B->A,clean_distinct,-11 -4 -2,141,B,-2 2 9,89,C
89 147 238,89 147 234,89 147,C B,2,89 147 234 238,4,238,234,B->A,clean_distinct,-11 -5 -1,147,B,-4 8 3,89,C
89 161 246,89 161 254,89 161,C B,2,89 161 246 254,4,246,254,B->A,clean_distinct,-12 -4 -1,161,B,-2 7 -6,89,C
89 91 138,89 91 222,89 91,C B,2,89 91 138 222,4,138,222,B->A,clean_distinct,-9 -3 -1,91,B,-5 8 0,89,C
89 91 142,89 91 218,89 91,C B,2,89 91 142 218,4,142,218,B->A,clean_distinct,-9 -3 -1,91,B,-4 3 8,89,C
89 91 166,89 91 194,89 91,C B,2,89 91 166 194,4,166,194,B->A,clean_distinct,-9 -3 -1,91,B,-3 4 8,89,C
89 91 174,89 91 186,89 91,C B,2,89 91 174 186,4,174,186,B->A,clean_distinct,-9 -3 -1,91,B,-2 2 9,89,C
89 91 210,89 91 150,89 91,C B,2,89 91 150 210,4,210,150,B->A,clean_distinct,-9 -3 -1,91,B,-4 8 -3,89,C
89 93 142,89 93 222,89 93,C B,2,89 93 142 222,4,142,222,B->A,clean_distinct,-8 -5 -2,93,B,-3 4 -8,89,C
89 93 196,89 93 168,89 93,C B,2,89 93 168 196,4,196,168,B->A,clean_distinct,-8 -5 -2,93,B,-2 7 -6,89,C
89 93 230,89 93 134,89 93,C B,2,89 93 134 230,4,230,134,B->A,clean_distinct,-9 -2 -2,89,C,-2 -8 5,93,B
89 99 154,89 99 222,89 99,C B,2,89 99 154 222,4,154,222,B->A,clean_distinct,-7 -6 -2,89,C,-5 7 5,99,B
89 99 190,89 99 186,89 99,C B,2,89 99 186 190,4,190,186,B->A,clean_distinct,-8 -4 -3,89,C,-5 5 7,99,B
89 99 230,89 99 146,89 99,C B,2,89 99 146 230,4,230,146,B->A,clean_distinct,-9 -3 -3,99,B,-5 0 8,89,C
90 102 166,90 102 218,90 102,C B,2,90 102 166 218,4,166,218,B->A,clean_distinct,-10 -1 -1,102,B,-1 -8 5,90,C
90 102 198,90 102 186,90 102,C B,2,90 102 186 198,4,198,186,B->A,clean_distinct,-10 -1 -1,102,B,-1 5 8,90,C
90 102 238,90 102 146,90 102,C B,2,90 102 146 238,4,238,146,B->A,clean_distinct,-10 -1 -1,102,B,-1 -8 -5,90,C
90 108 142,90 108 254,90 108,C B,2,90 108 142 254,4,142,254,B->A,clean_distinct,-10 -2 -2,108,B,-5 4 7,90,C
90 108 174,90 108 222,90 108,C B,2,90 108 174 222,4,174,222,B->A,clean_distinct,-10 -2 -2,108,B,-3 0 9,90,C
90 108 190,90 108 206,90 108,C B,2,90 108 190 206,4,190,206,B->A,clean_distinct,-10 -2 -2,108,B,-1 -5 8,90,C
90 108 246,90 108 150,90 108,C B,2,90 108 150 246,4,246,150,B->A,clean_distinct,-10 -2 -2,108,B,0 -9 -3,90,C
90 110 166,90 110 234,90 110,C B,2,90 110 166 234,4,166,234,B->A,clean_distinct,-10 -3 -1,110,B,-1 -5 8,90,C
90 110 184,90 110 216,90 110,C B,2,90 110 184 216,4,184,216,B->A,clean_distinct,-8 -5 -1,90,C,-6 7 5,110,B
90 110 214,90 110 186,90 110,C B,2,90 110 186 214,4,214,186,B->A,clean_distinct,-9 -5 -2,110,B,-5 8 -1,90,C
90 118 210,90 118 206,90 118,C B,2,90 118 206 210,4,210,206,B->A,clean_distinct,-10 -3 -3,118,B,-1 -5 8,90,C
90 118 230,90 118 186,90 118,C B,2,90 118 186 230,4,230,186,B->A,clean_distinct,-9 -6 -1,118,B,-4 7 5,90,C
90 120 166,90 120 254,90 120,C B,2,90 120 166 254,4,166,254,B->A,clean_distinct,-10 -4 -2,120,B,-4 7 -5,90,C
90 120 198,90 120 222,90 120,C B,2,90 120 198 222,4,198,222,B->A,clean_distinct,-10 -4 -2,120,B,-4 5 7,90,C
90 120 214,90 120 206,90 120,C B,2,90 120 206 214,4,214,206,B->A,clean_distinct,-10 -4 -2,120,B,-4 7 5,90,C
90 120 238,90 120 182,90 120,C B,2,90 120 182 238,4,238,182,B->A,clean_distinct,-10 -4 -2,120,B,-5 7 4,90,C
90 132 190,90 132 254,90 132,C B,2,90 132 190 254,4,190,254,B->A,clean_distinct,-8 -8 -2,132,B,-5 1 8,90,C
90 132 210,90 132 234,90 132,C B,2,90 132 210 234,4,210,234,B->A,clean_distinct,-10 -4 -4,132,B,-5 4 7,90,C
90 132 238,90 132 206,90 132,C B,2,90 132 206 238,4,238,206,B->A,clean_distinct,-10 -4 -4,132,B,-4 5 7,90,C
90 140 238,90 140 222,90 140,C B,2,90 140 222 238,4,238,222,B->A,clean_distinct,-10 -6 -2,140,B,-5 8 -1,90,C
90 142 210,90 142 254,90 142,C B,2,90 142 210 254,4,210,254,B->A,clean_distinct,-9 -6 -5,142,B,-5 -1 8,90,C
90 142 230,90 142 234,90 142,C B,2,90 142 230 234,4,230,234,B->A,clean_distinct,-9 -6 -5,142,B,-5 1 8,90,C
90 94 174,90 94 194,90 94,C B,2,90 94 174 194,4,174,194,B->A,clean_distinct,-9 -3 -2,94,B,-4 7 5,90,C
90 94 210,90 94 158,90 94,C B,2,90 94 158 210,4,210,158,B->A,clean_distinct,-8 -5 -1,90,C,-3 6 7,94,B
91 101 166,91 101 218,91 101,B C,2,91 101 166 218,4,166,218,B->A,clean_distinct,-10 -1 0,101,C,-1 -3 -9,91,B
91 101 190,91 101 194,91 101,B C,2,91 101 190 194,4,190,194,B->A,clean_distinct,-10 -1 0,101,C,-1 9 -3,91,B
91 101 198,91 101 186,91 101,B C,2,91 101 186 198,4,198,186,B->A,clean_distinct,-9 -4 -2,101,C,-1 -3 9,91,B
91 109 166,91 109 234,91 109,B C,2,91 109 166 234,4,166,234,B->A,clean_distinct,-10 -3 0,109,C,-1 9 -3,91,B
91 113 174,91 113 234,91 113,B C,2,91 113 174 234,4,174,234,B->A,clean_distinct,-10 -3 -2,113,C,-3 -1 9,91,B
91 113 214,91 113 194,91 113,B C,2,91 113 194 214,4,214,194,B->A,clean_distinct,-10 -3 -2,113,C,-3 9 -1,91,B
91 117 198,91 117 218,91 117,B C,2,91 117 198 218,4,198,218,B->A,clean_distinct,-10 -4 -1,117,C,-3 9 -1,91,B
91 117 210,91 117 206,91 117,B C,2,91 117 206 210,4,210,206,B->A,clean_distinct,-9 -3 -1,91,B,-2 8 -7,117,C
91 117 230,91 117 186,91 117,B C,2,91 117 186 230,4,230,186,B->A,clean_distinct,-10 -4 -1,117,C,-1 3 9,91,B
91 125 198,91 125 234,91 125,B C,2,91 125 198 234,4,198,234,B->A,clean_distinct,-10 -4 -3,125,C,-3 9 1,91,B
91 125 210,91 125 222,91 125,B C,2,91 125 210 222,4,210,222,B->A,clean_distinct,-10 -4 -3,125,C,-3 9 -1,91,B
91 125 214,91 125 218,91 125,B C,2,91 125 214 218,4,214,218,B->A,clean_distinct,-10 -4 -3,125,C,-3 1 9,91,B
91 125 246,91 125 186,91 125,B C,2,91 125 186 246,4,246,186,B->A,clean_distinct,-11 -2 0,125,C,-3 9 -1,91,B
91 137 238,91 137 218,91 137,B C,2,91 137 218 238,4,238,218,B->A,clean_distinct,-9 -3 -1,91,B,-3 8 8,137,C
91 145 238,91 145 234,91 145,B C,2,91 145 234 238,4,238,234,B->A,clean_distinct,-10 -6 -3,145,C,-1 -3 9,91,B
91 149 246,91 149 234,91 149,B C,2,91 149 234 246,4,246,234,B->A,clean_distinct,-12 -2 -1,149,C,-1 3 9,91,B
91 97 142,91 97 234,91 97,B C,2,91 97 142 234,4,142,234,B->A,clean_distinct,-9 -4 0,97,C,-3 1 -9,91,B
91 97 230,91 97 146,91 97,B C,2,91 97 146 230,4,230,146,B->A,clean_distinct,-9 -4 0,97,C,-1 -3 -9,91,B
93 101 140,93 101 248,93 101,B C,2,93 101 140 248,4,140,248,B->A,clean_distinct,-8 -6 -1,101,C,-2 8 -5,93,B
93 101 154,93 101 234,93 101,B C,2,93 101 154 234,4,154,234,B->A,clean_distinct,-8 -6 -1,101,C,-5 2 8,93,B
93 101 166,93 101 222,93 101,B C,2,93 101 166 222,4,166,222,B->A,clean_distinct,-9 -4 -2,101,C,-2 5 -8,93,B
93 101 230,93 101 158,93 101,B C,2,93 101 158 230,4,230,158,B->A,clean_distinct,-9 -4 -2,101,C,-2 5 8,93,B
93 101 236,93 101 152,93 101,B C,2,93 101 152 236,4,236,152,B->A,clean_distinct,-9 -4 -2,101,C,-5 2 8,93,B
93 101 238,93 101 150,93 101,B C,2,93 101 150 238,4,238,150,B->A,clean_distinct,-9 -4 -2,101,C,-2 -5 8,93,B
93 109 198,93 109 206,93 109,B C,2,93 109 198 206,4,198,206,B->A,clean_distinct,-8 -6 -3,109,C,-5 8 -2,93,B
93 109 210,93 109 194,93 109,B C,2,93 109 194 210,4,210,194,B->A,clean_distinct,-10 -3 0,109,C,-2 8 -5,93,B
93 109 236,93 109 168,93 109,B C,2,93 109 168 236,4,236,168,B->A,clean_distinct,-8 -6 -3,109,C,-2 8 -5,93,B
93 109 246,93 109 158,93 109,B C,2,93 109 158 246,4,246,158,B->A,clean_distinct,-8 -6 -3,109,C,-2 -5 8,93,B
93 113 196,93 113 216,93 113,B C,2,93 113 196 216,4,196,216,B->A,clean_distinct,-9 -4 -4,113,C,-5 2 8,93,B
93 117 196,93 117 224,93 117,B C,2,93 117 196 224,4,196,224,B->A,clean_distinct,-10 -4 -1,117,C,-2 8 -5,93,B
93 117 204,93 117 216,93 117,B C,2,93 117 204 216,4,204,216,B->A,clean_distinct,-9 -6 0,117,C,-5 8 -2,93,B
93 125 214,93 125 222,93 125,B C,2,93 125 214 222,4,214,222,B->A,clean_distinct,-8 -6 -5,125,C,-5 8 -2,93,B
93 125 230,93 125 206,93 125,B C,2,93 125 206 230,4,230,206,B->A,clean_distinct,-11 -2 0,125,C,-2 8 -5,93,B
93 137 238,93 137 222,93 137,B C,2,93 137 222 238,4,238,222,B->A,clean_distinct,-10 -6 -1,137,C,-5 8 -2,93,B
93 149 230,93 149 254,93 149,B C,2,93 149 230 254,4,230,254,B->A,clean_distinct,-12 -2 -1,149,C,-2 5 8,93,B
93 149 236,93 149 248,93 149,B C,2,93 149 236 248,4,236,248,B->A,clean_distinct,-12 -2 -1,149,C,-2 8 5,93,B
93 97 174,93 97 206,93 97,B C,2,93 97 174 206,4,174,206,B->A,clean_distinct,-8 -5 -2,93,B,-6 6 5,97,C
93 97 246,93 97 134,93 97,B C,2,93 97 134 246,4,246,134,B->A,clean_distinct,-8 -5 -2,93,B,-6 6 -5,97,C
94 100 154,94 100 234,94 100,B C,2,94 100 154 234,4,154,234,B->A,clean_distinct,-10 0 0,100,C,-2 -9 -3,94,B
94 100 230,94 100 158,94 100,B C,2,94 100 158 230,4,230,158,B->A,clean_distinct,-8 -6 0,100,C,-3 7 -6,94,B
94 106 166,94 106 234,94 106,B C,2,94 106 166 234,4,166,234,B->A,clean_distinct,-9 -5 0,106,C,-3 2 -9,94,B
94 106 184,94 106 216,94 106,B C,2,94 106 184 216,4,184,216,B->A,clean_distinct,-9 -5 0,106,C,-3 7 -6,94,B
94 116 166,94 116 254,94 116,B C,2,94 116 166 254,4,166,254,B->A,clean_distinct,-10 -4 0,116,C,-3 2 -9,94,B
94 116 198,94 116 222,94 116,B C,2,94 116 198 222,4,198,222,B->A,clean_distinct,-10 -4 0,116,C,-3 6 -7,94,B
94 116 214,94 116 206,94 116,B C,2,94 116 206 214,4,214,206,B->A,clean_distinct,-10 -4 0,116,C,-3 7 -6,94,B
94 116 238,94 116 182,94 116,B C,2,94 116 182 238,4,238,182,B->A,clean_distinct,-8 -6 -4,116,C,-7 3 6,94,B
94 130 214,94 130 234,94 130,B C,2,94 130 214 234,4,214,234,B->A,clean_distinct,-11 -3 0,130,C,-2 9 -3,94,B
94 130 230,94 130 218,94 130,B C,2,94 130 218 230,4,230,218,B->A,clean_distinct,-9 -7 0,130,C,-2 3 -9,94,B
94 148 230,94 148 254,94 148,B C,2,94 148 230 254,4,230,254,B->A,clean_distinct,-12 -2 0,148,C,-2 9 -3,94,B
97 105 198,97 105 206,97 105,C B,2,97 105 198 206,4,198,206,B->A,clean_distinct,-8 -5 -4,105,B,-6 6 5,97,C
97 105 210,97 105 194,97 105,C B,2,97 105 194 210,4,210,194,B->A,clean_distinct,-9 -4 0,97,C,-4 8 -5,105,B
97 105 236,97 105 168,97 105,C B,2,97 105 168 236,4,236,168,B->A,clean_distinct,-10 -2 -1,105,B,0 -4 -9,97,C
97 105 246,97 105 158,97 105,C B,2,97 105 158 246,4,246,158,B->A,clean_distinct,-10 -2 -1,105,B,-4 9 0,97,C
97 107 154,97 107 254,97 107,C B,2,97 107 154 254,4,154,254,B->A,clean_distinct,-7 -7 -3,107,B,-6 5 -6,97,C
97 107 174,97 107 234,97 107,C B,2,97 107 174 234,4,174,234,B->A,clean_distinct,-7 -7 -3,107,B,-6 6 -5,97,C
97 115 190,97 115 234,97 115,C B,2,97 115 190 234,4,190,234,B->A,clean_distinct,-9 -5 -3,115,B,-6 5 6,97,C
97 115 230,97 115 194,97 115,C B,2,97 115 194 230,4,230,194,B->A,clean_distinct,-9 -5 -3,115,B,-6 6 5,97,C
97 121 230,97 121 206,97 121,C B,2,97 121 206 230,4,230,206,B->A,clean_distinct,-9 -6 -2,121,B,0 -4 9,97,C
97 123 246,97 123 194,97 123,C B,2,97 123 194 246,4,246,194,B->A,clean_distinct,-11 -1 -1,123,B,0 -9 -4,97,C
97 129 198,97 129 254,97 129,C B,2,97 129 198 254,4,198,254,B->A,clean_distinct,-8 -8 -1,129,B,-6 5 -6,97,C
97 129 204,97 129 248,97 129,C B,2,97 129 204 248,4,204,248,B->A,clean_distinct,-8 -7 -4,129,B,-6 5 6,97,C
97 129 230,97 129 222,97 129,C B,2,97 129 222 230,4,230,222,B->A,clean_distinct,-10 -5 -2,129,B,0 -4 9,97,C
97 129 236,97 129 216,97 129,C B,2,97 129 216 236,4,236,216,B->A,clean_distinct,-10 -5 -2,129,B,-4 9 0,97,C
97 129 246,97 129 206,97 129,C B,2,97 129 206 246,4,246,206,B->A,clean_distinct,-11 -2 -2,129,B,0 -9 4,97,C
97 139 238,97 139 234,97 139,C B,2,97 139 234 238,4,238,234,B->A,clean_distinct,-9 -7 -3,139,B,-6 5 6,97,C
97 141 228,97 141 248,97 141,C B,2,97 141 228 248,4,228,248,B->A,clean_distinct,-10 -5 -4,141,B,-4 9 0,97,C
97 99 198,97 99 194,97 99,C B,2,97 99 194 198,4,198,194,B->A,clean_distinct,-7 -7 -1,99,B,-6 5 6,97,C
97 99 246,97 99 146,97 99,C B,2,97 99 146 246,4,246,146,B->A,clean_distinct,-9 -4 0,97,C,-5 5 -7,99,B
99 101 166,99 101 234,99 101,B C,2,99 101 166 234,4,166,234,B->A,clean_distinct,-10 -1 0,101,C,-1 -7 -7,99,B
99 101 214,99 101 186,99 101,B C,2,99 101 186 214,4,214,186,B->A,clean_distinct,-9 -4 -2,101,C,-5 7 5,99,B
99 109 230,99 109 186,99 109,B C,2,99 109 186 230,4,230,186,B->A,clean_distinct,-10 -3 0,109,C,-1 7 -7,99,B
99 113 230,99 113 194,99 113,B C,2,99 113 194 230,4,230,194,B->A,clean_distinct,-10 -3 -2,113,C,-3 9 -3,99,B
99 117 198,99 117 234,99 117,B C,2,99 117 198 234,4,198,234,B->A,clean_distinct,-10 -4 -1,117,C,-3 3 9,99,B
99 117 210,99 117 222,99 117,B C,2,99 117 210 222,4,210,222,B->A,clean_distinct,-10 -4 -1,117,C,-3 9 -3,99,B
99 117 214,99 117 218,99 117,B C,2,99 117 214 218,4,214,218,B->A,clean_distinct,-8 -7 -2,117,C,-5 7 -5,99,B
99 117 238,99 117 194,99 117,B C,2,99 117 194 238,4,238,194,B->A,clean_distinct,-10 -4 -1,117,C,-1 7 -7,99,B
99 117 246,99 117 186,99 117,B C,2,99 117 186 246,4,246,186,B->A,clean_distinct,-9 -6 0,117,C,-5 5 -7,99,B
99 125 230,99 125 218,99 125,B C,2,99 125 218 230,4,230,218,B->A,clean_distinct,-11 -2 0,125,C,-1 7 -7,99,B
99 137 238,99 137 234,99 137,B C,2,99 137 234 238,4,238,234,B->A,clean_distinct,-8 -8 -3,137,C,-7 5 5,99,B
100 110 202,100 110 218,100 110,C B,2,100 110 202 218,4,202,218,C->A,clean_distinct,-8 -6 0,100,C,-5 6 -7,110,B
100 142 250,100 142 234,100 142,C B,2,100 142 234 250,4,250,234,C->A,clean_distinct,-9 -6 -5,142,B,0 -6 8,100,C
101 105 164,101 105 248,101 105,C B,2,101 105 164 248,4,164,248,C->A,clean_distinct,-10 -2 -1,105,B,-4 6 7,101,C
101 105 178,101 105 234,101 105,C B,2,101 105 178 234,4,178,234,C->A,clean_distinct,-10 -2 -1,105,B,-1 -6 8,101,C
101 105 226,101 105 186,101 105,C B,2,101 105 186 226,4,226,186,C->A,clean_distinct,-10 -2 -1,105,B,-1 6 8,101,C
101 105 244,101 105 168,101 105,C B,2,101 105 168 244,4,244,168,C->A,clean_distinct,-10 -2 -1,105,B,-2 -4 9,101,C
101 115 178,101 115 254,101 115,C B,2,101 115 178 254,4,178,254,C->A,clean_distinct,-9 -5 -3,115,B,-4 -2 9,101,C
101 115 250,101 115 182,101 115,C B,2,101 115 182 250,4,250,182,C->A,clean_distinct,-9 -5 -3,115,B,-6 8 -1,101,C
101 121 250,101 121 194,101 121,C B,2,101 121 194 250,4,250,194,C->A,clean_distinct,-10 -1 0,101,C,-2 6 -9,121,B
101 123 226,101 123 222,101 123,C B,2,101 123 222 226,4,226,222,C->A,clean_distinct,-11 -1 -1,123,B,-1 0 10,101,C
101 129 212,101 129 248,101 129,C B,2,101 129 212 248,4,212,248,C->A,clean_distinct,-11 -2 -2,129,B,-1 0 10,101,C
101 129 226,101 129 234,101 129,C B,2,101 129 226 234,4,226,234,C->A,clean_distinct,-10 -1 0,101,C,-1 8 -8,129,B
101 129 244,101 129 216,101 129,C B,2,101 129 216 244,4,244,216,C->A,clean_distinct,-11 -2 -2,129,B,-1 -6 8,101,C
101 133 244,101 133 224,101 133,C B,2,101 133 224 244,4,244,224,C->A,clean_distinct,-9 -6 -4,133,B,-1 6 -8,101,C
101 139 226,101 139 254,101 139,C B,2,101 139 226 254,4,226,254,C->A,clean_distinct,-11 -3 -3,139,B,-2 -4 9,101,C
101 141 250,101 141 234,101 141,C B,2,101 141 234 250,4,250,234,C->A,clean_distinct,-11 -4 -2,141,B,-4 7 6,101,C
102 116 202,102 116 234,102 116,B C,2,102 116 202 234,4,202,234,C->A,clean_distinct,-10 -4 0,116,C,-2 7 -7,102,B
102 116 250,102 116 186,102 116,B C,2,102 116 186 250,4,250,186,C->A,clean_distinct,-8 -6 -4,116,C,-7 2 7,102,B
105 109 180,105 109 248,105 109,B C,2,105 109 180 248,4,180,248,C->A,clean_distinct,-10 -3 0,109,C,-2 1 -10,105,B
105 109 212,105 109 216,105 109,B C,2,105 109 212 216,4,212,216,C->A,clean_distinct,-8 -6 -3,109,C,-4 8 -5,105,B
105 113 202,105 113 234,105 113,B C,2,105 113 202 234,4,202,234,C->A,clean_distinct,-10 -3 -2,113,C,-2 10 -1,105,B
105 113 212,105 113 224,105 113,B C,2,105 113 212 224,4,212,224,C->A,clean_distinct,-10 -3 -2,113,C,-2 -1 10,105,B
105 113 250,105 113 186,105 113,B C,2,105 113 186 250,4,250,186,C->A,clean_distinct,-10 -3 -2,113,C,-1 2 10,105,B
105 117 226,105 117 218,105 117,B C,2,105 117 218 226,4,226,218,C->A,clean_distinct,-10 -2 -1,105,B,-2 7 8,117,C
105 117 250,105 117 194,105 117,B C,2,105 117 194 250,4,250,194,C->A,clean_distinct,-10 -4 -1,117,C,-5 8 4,105,B
105 125 212,105 125 248,105 125,B C,2,105 125 212 248,4,212,248,C->A,clean_distinct,-11 -2 0,125,C,-1 10 -2,105,B
105 125 226,105 125 234,105 125,B C,2,105 125 226 234,4,226,234,C->A,clean_distinct,-11 -2 0,125,C,-2 10 -1,105,B
105 125 244,105 125 216,105 125,B C,2,105 125 216 244,4,244,216,C->A,clean_distinct,-11 -2 0,125,C,-1 2 -10,105,B
105 137 250,105 137 234,105 137,B C,2,105 137 234 250,4,250,234,C->A,clean_distinct,-10 -6 -1,137,C,-2 1 10,105,B
106 110 178,106 110 254,106 110,C B,2,106 110 178 254,4,178,254,C->A,clean_distinct,-9 -5 0,106,C,-6 7 -5,110,B
106 118 232,106 118 216,106 118,C B,2,106 118 216 232,4,232,216,C->A,clean_distinct,-10 -3 -3,118,B,-4 3 9,106,C
107 109 178,107 109 254,107 109,B C,2,107 109 178 254,4,178,254,C->A,clean_distinct,-9 -5 -1,107,B,-3 8 6,109,C
107 109 226,107 109 206,107 109,B C,2,107 109 206 226,4,226,206,C->A,clean_distinct,-10 -3 0,109,C,-1 5 -9,107,B
107 109 250,107 109 182,107 109,B C,2,107 109 182 250,4,250,182,C->A,clean_distinct,-10 -3 0,109,C,-1 9 -5,107,B
107 117 226,107 117 222,107 117,B C,2,107 117 222 226,4,226,222,C->A,clean_distinct,-10 -4 -1,117,C,-1 5 -9,107,B
107 145 250,107 145 254,107 145,B C,2,107 145 250 254,4,250,254,C->A,clean_distinct,-10 -6 -3,145,C,-5 9 -1,107,B
109 121 212,109 121 248,109 121,C B,2,109 121 212 248,4,212,248,C->A,clean_distinct,-9 -6 -2,121,B,-3 8 -6,109,C
109 121 226,109 121 234,109 121,C B,2,109 121 226 234,4,226,234,C->A,clean_distinct,-10 -3 0,109,C,-2 6 -9,121,B
109 121 244,109 121 216,109 121,C B,2,109 121 216 244,4,244,216,C->A,clean_distinct,-10 -3 0,109,C,-2 9 -6,121,B
109 131 226,109 131 254,109 131,C B,2,109 131 226 254,4,226,254,C->A,clean_distinct,-11 -3 -1,131,B,-3 6 8,109,C
109 133 250,109 133 234,109 133,C B,2,109 133 234 250,4,250,234,C->A,clean_distinct,-9 -6 -4,133,B,-6 3 8,109,C
110 130 226,110 130 254,110 130,B C,2,110 130 226 254,4,226,254,C->A,clean_distinct,-11 -3 0,130,C,-2 5 -9,110,B
110 130 232,110 130 248,110 130,B C,2,110 130 232 248,4,232,248,C->A,clean_distinct,-9 -7 0,130,C,-5 7 -6,110,B
113 115 202,113 115 254,113 115,C B,2,113 115 202 254,4,202,254,C->A,clean_distinct,-10 -3 -2,113,C,-3 9 -5,115,B
113 115 250,113 115 206,113 115,C B,2,113 115 206 250,4,250,206,C->A,clean_distinct,-9 -5 -3,115,B,-4 4 9,113,C
113 121 244,113 121 224,113 121,C B,2,113 121 224 244,4,244,224,C->A,clean_distinct,-10 -3 -2,113,C,-2 9 -6,121,B
113 123 250,113 123 222,113 123,C B,2,113 123 222 250,4,250,222,C->A,clean_distinct,-8 -7 0,113,C,-7 7 -5,123,B
113 129 250,113 129 234,113 129,C B,2,113 129 234 250,4,250,234,C->A,clean_distinct,-11 -2 -2,129,B,-2 3 10,113,C
113 133 244,113 133 248,113 133,C B,2,113 133 244 248,4,244,248,C->A,clean_distinct,-10 -3 -2,113,C,-4 9 6,133,B
113 139 250,113 139 254,113 139,C B,2,113 139 250 254,4,250,254,C->A,clean_distinct,-11 -3 -3,139,B,-2 -3 10,113,C
115 137 250,115 137 254,115 137,B C,2,115 137 250 254,4,250,254,C->A,clean_distinct,-10 -6 -1,137,C,-5 9 -3,115,B
116 118 250,116 118 218,116 118,C B,2,116 118 218 250,4,250,218,C->A,clean_distinct,-9 -6 -1,118,B,-4 6 -8,116,C
117 123 226,117 123 254,117 123,C B,2,117 123 226 254,4,226,254,C->A,clean_distinct,-11 -1 -1,123,B,-2 7 8,117,C
117 129 244,117 129 248,117 129,C B,2,117 129 244 248,4,244,248,C->A,clean_distinct,-11 -2 -2,129,B,-1 -4 10,117,C
64 170 250,64 170 218,64 170,B C,2,64 170 218 250,4,250,218,C->A,clean_distinct,-13 -1 0,170,C,0 -8 0,64,B
65 115 178,65 115 182,65 115,C B,2,65 115 178 182,4,178,182,C->A,clean_distinct,-9 -5 -3,115,B,-4 7 0,65,C
65 115 202,65 115 158,65 115,C B,2,65 115 158 202,4,202,158,C->A,clean_distinct,-9 -5 -3,115,B,-2 5 -6,65,C
65 115 226,65 115 134,65 115,C B,2,65 115 134 226,4,226,134,C->A,clean_distinct,-9 -5 -3,115,B,-6 5 2,65,C
65 121 226,65 121 146,65 121,C B,2,65 121 146 226,4,226,146,C->A,clean_distinct,-9 -6 -2,121,B,-6 5 2,65,C
65 123 170,65 123 206,65 123,C B,2,65 123 170 206,4,170,206,C->A,clean_distinct,-11 -1 -1,123,B,0 -8 -1,65,C
65 123 226,65 123 150,65 123,C B,2,65 123 150 226,4,226,150,C->A,clean_distinct,-11 -1 -1,123,B,-1 -8 0,65,C
65 129 202,65 129 186,65 129,C B,2,65 129 186 202,4,202,186,C->A,clean_distinct,-8 -7 -4,129,B,-4 0 7,65,C
65 131 170,65 131 222,65 131,C B,2,65 131 170 222,4,170,222,C->A,clean_distinct,-11 -3 -1,131,B,-2 5 -6,65,C
65 133 180,65 133 216,65 133,C B,2,65 133 180 216,4,180,216,C->A,clean_distinct,-9 -6 -4,133,B,-5 2 6,65,C
65 133 202,65 133 194,65 133,C B,2,65 133 194 202,4,202,194,C->A,clean_distinct,-9 -6 -4,133,B,-2 6 -5,65,C
65 133 244,65 133 152,65 133,C B,2,65 133 152 244,4,244,152,C->A,clean_distinct,-9 -6 -4,133,B,-1 0 8,65,C
65 133 250,65 133 146,65 133,C B,2,65 133 146 250,4,250,146,C->A,clean_distinct,-9 -6 -4,133,B,0 -7 4,65,C
65 139 202,65 139 206,65 139,C B,2,65 139 202 206,4,202,206,C->A,clean_distinct,-9 -7 -3,139,B,-2 5 -6,65,C
65 139 226,65 139 182,65 139,C B,2,65 139 182 226,4,226,182,C->A,clean_distinct,-11 -3 -3,139,B,-2 5 6,65,C
65 139 250,65 139 158,65 139,C B,2,65 139 158 250,4,250,158,C->A,clean_distinct,-11 -3 -3,139,B,-4 0 7,65,C
65 141 164,65 141 248,65 141,C B,2,65 141 164 248,4,164,248,C->A,clean_distinct,-11 -4 -2,141,B,-1 8 0,65,C
65 141 178,65 141 234,65 141,C B,2,65 141 178 234,4,178,234,C->A,clean_distinct,-11 -4 -2,141,B,-2 5 -6,65,C
65 141 226,65 141 186,65 141,C B,2,65 141 186 226,4,226,186,C->A,clean_distinct,-11 -4 -2,141,B,-2 5 6,65,C
65 141 244,65 141 168,65 141,C B,2,65 141 168 244,4,244,168,C->A,clean_distinct,-10 -5 -4,141,B,-2 5 -6,65,C
65 147 170,65 147 254,65 147,C B,2,65 147 170 254,4,170,254,C->A,clean_distinct,-7 -7 -7,147,B,-7 0 4,65,C
65 163 250,65 163 206,65 163,C B,2,65 163 206 250,4,250,206,C->A,clean_distinct,-9 -9 -1,163,B,-6 5 -2,65,C
65 165 212,65 165 248,65 165,C B,2,65 165 212 248,4,212,248,C->A,clean_distinct,-10 -7 -4,165,B,-4 7 0,65,C
65 165 226,65 165 234,65 165,C B,2,65 165 226 234,4,226,234,C->A,clean_distinct,-10 -8 -1,165,B,-1 0 8,65,C
65 171 250,65 171 222,65 171,C B,2,65 171 222 250,4,250,222,C->A,clean_distinct,-13 -1 -1,171,B,0 -8 1,65,C
65 177 250,65 177 234,65 177,C B,2,65 177 234 250,4,250,234,C->A,clean_distinct,-13 -2 -2,177,B,-2 5 6,65,C
65 187 250,65 187 254,65 187,C B,2,65 187 250 254,4,250,254,C->A,clean_distinct,-9 -9 -5,187,B,-6 5 2,65,C
65 75 130,65 75 150,65 75,C B,2,65 75 130 150,4,130,150,C->A,clean_distinct,-7 -5 -1,75,B,-2 5 -6,65,C
65 91 178,65 91 134,65 91,C B,2,65 91 134 178,4,178,134,C->A,clean_distinct,-9 -3 -1,91,B,0 -1 -8,65,C
65 93 130,65 93 186,65 93,C B,2,65 93 130 186,4,130,186,C->A,clean_distinct,-8 -5 -2,93,B,-5 6 -2,65,C
65 93 164,65 93 152,65 93,C B,2,65 93 152 164,4,164,152,C->A,clean_distinct,-8 -5 -2,93,B,-4 7 0,65,C
65 93 170,65 93 146,65 93,C B,2,65 93 146 170,4,170,146,C->A,clean_distinct,-8 -5 -2,93,B,-5 6 2,65,C
65 99 178,65 99 150,65 99,C B,2,65 99 150 178,4,178,150,C->A,clean_distinct,-7 -5 -5,99,B,-6 2 5,65,C
66 116 130,66 116 234,66 116,B C,2,66 116 130 234,4,130,234,C->A,clean_distinct,-10 -4 0,116,C,-1 -4 -7,66,B
66 116 170,66 116 194,66 116,B C,2,66 116 170 194,4,170,194,C->A,clean_distinct,-10 -4 0,116,C,-1 1 -8,66,B
66 116 178,66 116 186,66 116,B C,2,66 116 178 186,4,178,186,C->A,clean_distinct,-8 -6 -4,116,C,-4 1 7,66,B
66 130 170,66 130 222,66 130,B C,2,66 130 170 222,4,170,222,C->A,clean_distinct,-11 -3 0,130,C,-1 8 -1,66,B
66 136 170,66 136 234,66 136,B C,2,66 136 170 234,4,170,234,C->A,clean_distinct,-10 -6 0,136,C,-1 -1 -8,66,B
66 164 226,66 164 234,66 164,B C,2,66 164 226 234,4,226,234,C->A,clean_distinct,-10 -8 0,164,C,-1 1 -8,66,B
66 170 250,66 170 222,66 170,B C,2,66 170 222 250,4,250,222,C->A,clean_distinct,-9 -8 -5,170,C,-4 1 7,66,B
66 90 160,66 90 152,66 90,B C,2,66 90 152 160,4,160,152,C->A,clean_distinct,-8 -5 -1,90,C,-4 5 5,66,B
66 90 178,66 90 134,66 90,B C,2,66 90 134 178,4,178,134,C->A,clean_distinct,-8 -5 -1,90,C,-5 5 4,66,B
67 101 130,67 101 206,67 101,B C,2,67 101 130 206,4,130,206,C->A,clean_distinct,-7 -6 -4,101,C,-7 3 3,67,B
67 101 178,67 101 158,67 101,B C,2,67 101 158 178,4,178,158,C->A,clean_distinct,-9 -4 -2,101,C,-3 7 -3,67,B
67 113 202,67 113 158,67 113,B C,2,67 113 158 202,4,202,158,C->A,clean_distinct,-9 -4 -4,113,C,-3 -3 7,67,B
67 125 178,67 125 206,67 125,B C,2,67 125 178 206,4,178,206,C->A,clean_distinct,-10 -4 -3,125,C,-3 7 3,67,B
67 125 202,67 125 182,67 125,B C,2,67 125 182 202,4,202,182,C->A,clean_distinct,-10 -5 0,125,C,-3 7 -3,67,B
67 125 250,67 125 134,67 125,B C,2,67 125 134 250,4,250,134,C->A,clean_distinct,-8 -6 -5,125,C,-3 3 7,67,B
67 137 250,67 137 158,67 137,B C,2,67 137 158 250,4,250,158,C->A,clean_distinct,-8 -8 -3,137,C,-7 3 3,67,B
67 145 170,67 145 254,67 145,B C,2,67 145 170 254,4,170,254,C->A,clean_distinct,-10 -6 -3,145,C,-3 7 3,67,B
67 149 178,67 149 254,67 149,B C,2,67 149 178 254,4,178,254,C->A,clean_distinct,-12 -2 -1,149,C,-3 7 3,67,B
67 149 250,67 149 182,67 149,B C,2,67 149 182 250,4,250,182,C->A,clean_distinct,-9 -8 -2,149,C,-3 3 -7,67,B
67 173 226,67 173 254,67 173,B C,2,67 173 226 254,4,226,254,C->A,clean_distinct,-12 -5 -2,173,C,-3 3 7,67,B
67 185 250,67 185 254,67 185,B C,2,67 185 250 254,4,250,254,C->A,clean_distinct,-10 -7 -6,185,C,-3 7 -3,67,B
67 89 130,67 89 182,67 89,B C,2,67 89 130 182,4,130,182,C->A,clean_distinct,-8 -4 -3,89,C,-3 7 3,67,B
67 89 178,67 89 134,67 89,B C,2,67 89 134 178,4,178,134,C->A,clean_distinct,-8 -5 0,89,C,-3 7 -3,67,B
68 108 136,68 108 216,68 108,C B,2,68 108 136 216,4,136,216,C->A,clean_distinct,-10 -2 -2,108,B,-4 4 6,68,C
68 110 170,68 110 186,68 110,C B,2,68 110 170 186,4,170,186,C->A,clean_distinct,-10 -3 -1,110,B,-2 8 0,68,C
68 118 178,68 118 194,68 118,C B,2,68 118 178 194,4,178,194,C->A,clean_distinct,-10 -3 -3,118,B,-2 0 8,68,C
68 118 226,68 118 146,68 118,C B,2,68 118 146 226,4,226,146,C->A,clean_distinct,-9 -6 -1,118,B,0 -2 -8,68,C
68 138 178,68 138 234,68 138,C B,2,68 138 178 234,4,178,234,C->A,clean_distinct,-11 -4 -1,138,B,-2 0 8,68,C
68 138 226,68 138 186,68 138,C B,2,68 138 186 226,4,226,186,C->A,clean_distinct,-11 -4 -1,138,B,-2 8 0,68,C
68 154 226,68 154 218,68 154,C B,2,68 154 218 226,4,226,218,C->A,clean_distinct,-12 -3 -1,154,B,0 -2 8,68,C
68 154 250,68 154 194,68 154,C B,2,68 154 194 250,4,250,194,C->A,clean_distinct,-12 -3 -1,154,B,0 -2 -8,68,C
68 174 250,68 174 234,68 174,C B,2,68 174 234 250,4,250,234,C->A,clean_distinct,-13 -2 -1,174,B,0 -2 8,68,C
68 70 130,68 70 146,68 70,C B,2,68 70 130 146,4,130,146,C->A,clean_distinct,-6 -5 -3,70,B,-6 4 4,68,C
68 76 136,68 76 152,68 76,C B,2,68 76 136 152,4,136,152,C->A,clean_distinct,-8 -2 0,68,C,-2 6 -6,76,B
68 84 136,68 84 168,68 84,C B,2,68 84 136 168,4,136,168,C->A,clean_distinct,-8 -4 -2,84,B,0 -2 8,68,C
69 109 170,69 109 186,69 109,B C,2,69 109 170 186,4,170,186,C->A,clean_distinct,-10 -3 0,109,C,-2 8 -1,69,B
69 113 130,69 113 234,69 113,B C,2,69 113 130 234,4,130,234,C->A,clean_distinct,-9 -4 -4,113,C,-2 4 7,69,B
69 113 148,69 113 216,69 113,B C,2,69 113 148 216,4,148,216,C->A,clean_distinct,-8 -7 0,113,C,-4 7 -2,69,B
69 113 170,69 113 194,69 113,B C,2,69 113 170 194,4,170,194,C->A,clean_distinct,-10 -3 -2,113,C,-2 4 7,69,B
69 113 178,69 113 186,69 113,B C,2,69 113 178 186,4,178,186,C->A,clean_distinct,-10 -3 -2,113,C,-2 8 -1,69,B
69 113 212,69 113 152,69 113,B C,2,69 113 152 212,4,212,152,C->A,clean_distinct,-10 -3 -2,113,C,-4 7 2,69,B
69 117 178,69 117 194,69 117,B C,2,69 117 178 194,4,178,194,C->A,clean_distinct,-10 -4 -1,117,C,-2 7 -4,69,B
69 117 226,69 117 146,69 117,B C,2,69 117 146 226,4,226,146,C->A,clean_distinct,-10 -4 -1,117,C,-1 8 -2,69,B
69 125 164,69 125 224,69 125,B C,2,69 125 164 224,4,164,224,C->A,clean_distinct,-11 -2 0,125,C,-1 -2 -8,69,B
69 125 202,69 125 186,69 125,B C,2,69 125 186 202,4,202,186,C->A,clean_distinct,-10 -4 -3,125,C,-2 7 -4,69,B
69 137 164,69 137 248,69 137,B C,2,69 137 164 248,4,164,248,C->A,clean_distinct,-11 -4 0,137,C,-1 8 -2,69,B
69 137 178,69 137 234,69 137,B C,2,69 137 178 234,4,178,234,C->A,clean_distinct,-10 -6 -1,137,C,-1 -2 8,69,B
69 137 226,69 137 186,69 137,B C,2,69 137 186 226,4,226,186,C->A,clean_distinct,-11 -4 0,137,C,-2 8 -1,69,B
69 137 244,69 137 168,69 137,B C,2,69 137 168 244,4,244,168,C->A,clean_distinct,-11 -4 0,137,C,-1 -2 -8,69,B
69 145 180,69 145 248,69 145,B C,2,69 145 180 248,4,180,248,C->A,clean_distinct,-12 -1 0,145,C,-2 7 -4,69,B
69 149 202,69 149 234,69 149,B C,2,69 149 202 234,4,202,234,C->A,clean_distinct,-12 -2 -1,149,C,-1 -2 8,69,B
69 149 250,69 149 186,69 149,B C,2,69 149 186 250,4,250,186,C->A,clean_distinct,-12 -2 -1,149,C,-1 2 -8,69,B
69 153 250,69 153 194,69 153,B C,2,69 153 194 250,4,250,194,C->A,clean_distinct,-11 -4 -4,153,C,-2 1 8,69,B
69 173 250,69 173 234,69 173,B C,2,69 173 234 250,4,250,234,C->A,clean_distinct,-11 -6 -4,173,C,-4 2 7,69,B
69 89 164,69 89 152,69 89,B C,2,69 89 152 164,4,164,152,C->A,clean_distinct,-9 -2 -2,89,C,-1 -2 8,69,B
69 97 164,69 97 168,69 97,B C,2,69 97 164 168,4,164,168,C->A,clean_distinct,-9 -4 0,97,C,-1 2 -8,69,B
70 106 170,70 106 182,70 106,B C,2,70 106 170 182,4,170,182,C->A,clean_distinct,-9 -5 0,106,C,-3 6 -5,70,B
70 136 178,70 136 234,70 136,B C,2,70 136 178 234,4,178,234,C->A,clean_distinct,-10 -6 0,136,C,-5 6 -3,70,B
70 170 232,70 170 248,70 170,B C,2,70 170 232 248,4,232,248,C->A,clean_distinct,-9 -8 -5,170,C,-3 6 -5,70,B
70 82 170,70 82 134,70 82,B C,2,70 82 134 170,4,170,134,C->A,clean_distinct,-8 -3 -3,82,C,-3 5 6,70,B
70 90 170,70 90 150,70 90,B C,2,70 90 150 170,4,170,150,C->A,clean_distinct,-8 -5 -1,90,C,-3 5 -6,70,B
73 105 170,73 105 186,73 105,C B,2,73 105 170 186,4,170,186,C->A,clean_distinct,-10 -2 -1,105,B,-1 6 -6,73,C
73 107 226,73 107 134,73 107,C B,2,73 107 134 226,4,226,134,C->A,clean_distinct,-9 -5 -1,107,B,-6 6 1,73,C
73 115 170,73 115 206,73 115,C B,2,73 115 170 206,4,170,206,C->A,clean_distinct,-9 -5 -3,115,B,0 -3 8,73,C
73 121 164,73 121 224,73 121,C B,2,73 121 164 224,4,164,224,C->A,clean_distinct,-9 -6 -2,121,B,-1 6 -6,73,C
73 121 170,73 121 218,73 121,C B,2,73 121 170 218,4,170,218,C->A,clean_distinct,-7 -6 -6,121,B,-6 -1 6,73,C
73 129 170,73 129 234,73 129,C B,2,73 129 170 234,4,170,234,C->A,clean_distinct,-8 -8 -1,129,B,-3 0 8,73,C
73 129 180,73 129 224,73 129,C B,2,73 129 180 224,4,180,224,C->A,clean_distinct,-11 -2 -2,129,B,-1 -6 6,73,C
73 131 202,73 131 206,73 131,C B,2,73 131 202 206,4,202,206,C->A,clean_distinct,-11 -3 -1,131,B,-1 6 -6,73,C
73 131 226,73 131 182,73 131,C B,2,73 131 182 226,4,226,182,C->A,clean_distinct,-9 -7 -1,131,B,-6 6 1,73,C
73 131 250,73 131 158,73 131,C B,2,73 131 158 250,4,250,158,C->A,clean_distinct,-11 -3 -1,131,B,-1 -6 6,73,C
73 133 164,73 133 248,73 133,C B,2,73 133 164 248,4,164,248,C->A,clean_distinct,-9 -6 -4,133,B,-3 8 0,73,C
73 133 178,73 133 234,73 133,C B,2,73 133 178 234,4,178,234,C->A,clean_distinct,-9 -6 -4,133,B,-6 6 1,73,C
73 141 180,73 141 248,73 141,C B,2,73 141 180 248,4,180,248,C->A,clean_distinct,-11 -4 -2,141,B,-3 0 8,73,C
73 141 212,73 141 216,73 141,C B,2,73 141 212 216,4,212,216,C->A,clean_distinct,-11 -4 -2,141,B,-3 8 0,73,C
73 155 202,73 155 254,73 155,C B,2,73 155 202 254,4,202,254,C->A,clean_distinct,-9 -7 -5,155,B,-3 0 8,73,C
73 161 244,73 161 224,73 161,C B,2,73 161 224 244,4,244,224,C->A,clean_distinct,-9 -8 -4,161,B,-3 0 8,73,C
73 161 250,73 161 218,73 161,C B,2,73 161 218 250,4,250,218,C->A,clean_distinct,-9 -8 -4,161,B,0 -3 8,73,C
73 179 250,73 179 254,73 179,C B,2,73 179 250 254,4,250,254,C->A,clean_distinct,-13 -3 -1,179,B,-1 6 -6,73,C
73 83 178,73 83 134,73 83,C B,2,73 83 134 178,4,178,134,C->A,clean_distinct,-9 -1 -1,83,B,0 -8 -3,73,C
73 91 170,73 91 158,73 91,C B,2,73 91 158 170,4,170,158,C->A,clean_distinct,-9 -3 -1,91,B,-3 8 0,73,C
73 93 164,73 93 168,73 93,C B,2,73 93 164 168,4,164,168,C->A,clean_distinct,-8 -5 -2,93,B,0 -3 8,73,C
75 101 130,75 101 222,75 101,B C,2,75 101 130 222,4,130,222,C->A,clean_distinct,-7 -6 -4,101,C,-7 1 5,75,B
75 101 170,75 101 182,75 101,B C,2,75 101 170 182,4,170,182,C->A,clean_distinct,-10 -1 0,101,C,-1 7 -5,75,B
75 101 202,75 101 150,75 101,B C,2,75 101 150 202,4,202,150,C->A,clean_distinct,-7 -6 -4,101,C,-5 -1 7,75,B
75 113 170,75 113 206,75 113,B C,2,75 113 170 206,4,170,206,C->A,clean_distinct,-10 -3 -2,113,C,-1 5 -7,75,B
75 113 226,75 113 150,75 113,B C,2,75 113 150 226,4,226,150,C->A,clean_distinct,-10 -3 -2,113,C,-1 5 7,75,B
75 117 130,75 117 254,75 117,B C,2,75 117 130 254,4,130,254,C->A,clean_distinct,-8 -7 -2,117,C,-1 7 -5,75,B
75 117 178,75 117 206,75 117,B C,2,75 117 178 206,4,178,206,C->A,clean_distinct,-8 -7 -2,117,C,-5 7 -1,75,B
75 117 202,75 117 182,75 117,B C,2,75 117 182 202,4,202,182,C->A,clean_distinct,-8 -7 -2,117,C,-5 5 5,75,B
75 117 226,75 117 158,75 117,B C,2,75 117 158 226,4,226,158,C->A,clean_distinct,-10 -4 -1,117,C,-1 5 7,75,B
75 117 250,75 117 134,75 117,B C,2,75 117 134 250,4,250,134,C->A,clean_distinct,-8 -7 -2,117,C,-1 -5 7,75,B
75 125 178,75 125 222,75 125,B C,2,75 125 178 222,4,178,222,C->A,clean_distinct,-10 -4 -3,125,C,-1 5 -7,75,B
75 125 250,75 125 150,75 125,B C,2,75 125 150 250,4,250,150,C->A,clean_distinct,-11 -2 0,125,C,-1 -7 -5,75,B
75 149 226,75 149 222,75 149,B C,2,75 149 222 226,4,226,222,C->A,clean_distinct,-10 -7 0,149,C,-5 7 -1,75,B
75 153 202,75 153 254,75 153,B C,2,75 153 202 254,4,202,254,C->A,clean_distinct,-8 -8 -5,153,C,-5 -1 7,75,B
75 153 250,75 153 206,75 153,B C,2,75 153 206 250,4,250,206,C->A,clean_distinct,-10 -7 -2,153,C,-1 5 -7,75,B
75 85 170,75 85 150,75 85,B C,2,75 85 150 170,4,170,150,C->A,clean_distinct,-9 -2 0,85,C,-1 7 -5,75,B
75 89 178,75 89 150,75 89,B C,2,75 89 150 178,4,178,150,C->A,clean_distinct,-8 -4 -3,89,C,-1 -5 7,75,B
76 100 136,76 100 216,76 100,B C,2,76 100 136 216,4,136,216,C->A,clean_distinct,-10 0 0,100,C,-2 -6 -6,76,B
76 116 136,76 116 248,76 116,B C,2,76 116 136 248,4,136,248,C->A,clean_distinct,-8 -6 -4,116,C,-2 -6 6,76,B
76 116 232,76 116 152,76 116,B C,2,76 116 152 232,4,232,152,C->A,clean_distinct,-8 -6 -4,116,C,-6 6 -2,76,B
76 164 232,76 164 248,76 164,B C,2,76 164 232 248,4,232,248,C->A,clean_distinct,-8 -8 -6,164,C,-6 2 6,76,B
77 101 170,77 101 186,77 101,B C,2,77 101 170 186,4,170,186,C->A,clean_distinct,-9 -4 -2,101,C,-4 5 6,77,B
77 109 148,77 109 224,77 109,B C,2,77 109 148 224,4,148,224,C->A,clean_distinct,-8 -6 -3,109,C,-4 6 5,77,B
77 109 178,77 109 194,77 109,B C,2,77 109 178 194,4,178,194,C->A,clean_distinct,-10 -3 0,109,C,-2 8 -3,77,B
77 109 226,77 109 146,77 109,B C,2,77 109 146 226,4,226,146,C->A,clean_distinct,-8 -6 -3,109,C,-4 5 -6,77,B
77 113 164,77 113 216,77 113,B C,2,77 113 164 216,4,164,216,C->A,clean_distinct,-10 -3 -2,113,C,-4 5 6,77,B
77 117 164,77 117 224,77 117,B C,2,77 117 164 224,4,164,224,C->A,clean_distinct,-10 -4 -1,117,C,-2 8 3,77,B
77 117 202,77 117 186,77 117,B C,2,77 117 186 202,4,202,186,C->A,clean_distinct,-10 -4 -1,117,C,-3 8 2,77,B
77 125 170,77 125 234,77 125,B C,2,77 125 170 234,4,170,234,C->A,clean_distinct,-11 -2 0,125,C,-2 3 -8,77,B
77 137 212,77 137 216,77 137,B C,2,77 137 212 216,4,212,216,C->A,clean_distinct,-11 -4 0,137,C,-3 8 -2,77,B
77 145 226,77 145 218,77 145,B C,2,77 145 218 226,4,226,218,C->A,clean_distinct,-10 -6 -3,145,C,-5 6 4,77,B
77 145 250,77 145 194,77 145,B C,2,77 145 194 250,4,250,194,C->A,clean_distinct,-10 -6 -3,145,C,-2 -3 8,77,B
77 153 212,77 153 248,77 153,B C,2,77 153 212 248,4,212,248,C->A,clean_distinct,-11 -4 -4,153,C,-3 -2 8,77,B
77 153 226,77 153 234,77 153,B C,2,77 153 226 234,4,226,234,C->A,clean_distinct,-11 -4 -4,153,C,-2 -3 8,77,B
77 153 244,77 153 216,77 153,B C,2,77 153 216 244,4,244,216,C->A,clean_distinct,-11 -4 -4,153,C,-3 2 8,77,B
77 157 250,77 157 218,77 157,B C,2,77 157 218 250,4,250,218,C->A,clean_distinct,-12 -3 -2,157,C,-3 8 2,77,B
77 169 244,77 169 248,77 169,B C,2,77 169 244 248,4,244,248,C->A,clean_distinct,-12 -4 -3,169,C,-2 8 -3,77,B
77 85 178,77 85 146,77 85,B C,2,77 85 146 178,4,178,146,C->A,clean_distinct,-7 -6 0,85,C,-4 6 -5,77,B
77 89 164,77 89 168,77 89,B C,2,77 89 164 168,4,164,168,C->A,clean_distinct,-8 -5 0,89,C,-2 3 -8,77,B
77 89 180,77 89 152,77 89,B C,2,77 89 152 180,4,180,152,C->A,clean_distinct,-9 -2 -2,89,C,-3 2 8,77,B
77 97 202,77 97 146,77 97,B C,2,77 97 146 202,4,202,146,C->A,clean_distinct,-9 -4 0,97,C,-2 8 -3,77,B
80 138 202,80 138 234,80 138,C B,2,80 138 202 234,4,202,234,C->A,clean_distinct,-11 -4 -1,138,B,0 -4 8,80,C
80 154 250,80 154 218,80 154,C B,2,80 154 218 250,4,250,218,C->A,clean_distinct,-9 -8 -3,154,B,0 -4 8,80,C
81 101 148,81 101 216,81 101,B C,2,81 101 148 216,4,148,216,C->A,clean_distinct,-8 -6 -1,101,C,-4 8 1,81,B
81 101 170,81 101 194,81 101,B C,2,81 101 170 194,4,170,194,C->A,clean_distinct,-10 -1 0,101,C,-1 4 -8,81,B
81 101 178,81 101 186,81 101,B C,2,81 101 178 186,4,178,186,C->A,clean_distinct,-10 -1 0,101,C,-1 8 -4,81,B
81 101 212,81 101 152,81 101,B C,2,81 101 152 212,4,212,152,C->A,clean_distinct,-9 -4 -2,101,C,-3 6 -6,81,B
81 109 164,81 109 216,81 109,B C,2,81 109 164 216,4,164,216,C->A,clean_distinct,-8 -6 -3,109,C,-4 4 7,81,B
81 113 202,81 113 186,81 113,B C,2,81 113 186 202,4,202,186,C->A,clean_distinct,-8 -7 0,113,C,-4 4 -7,81,B
81 117 148,81 117 248,81 117,B C,2,81 117 148 248,4,148,248,C->A,clean_distinct,-8 -7 -2,117,C,-4 7 4,81,B
81 117 178,81 117 218,81 117,B C,2,81 117 178 218,4,178,218,C->A,clean_distinct,-8 -7 -2,117,C,-4 4 7,81,B
81 117 180,81 117 216,81 117,B C,2,81 117 180 216,4,180,216,C->A,clean_distinct,-10 -4 -1,117,C,-4 8 -1,81,B
81 117 202,81 117 194,81 117,B C,2,81 117 194 202,4,202,194,C->A,clean_distinct,-10 -4 -1,117,C,-1 4 -8,81,B
81 117 244,81 117 152,81 117,B C,2,81 117 152 244,4,244,152,C->A,clean_distinct,-8 -7 -2,117,C,-4 -1 8,81,B
81 117 250,81 117 146,81 117,B C,2,81 117 146 250,4,250,146,C->A,clean_distinct,-10 -4 -1,117,C,-1 8 4,81,B
81 125 164,81 125 248,81 125,B C,2,81 125 164 248,4,164,248,C->A,clean_distinct,-11 -2 0,125,C,-3 6 -6,81,B
81 125 178,81 125 234,81 125,B C,2,81 125 178 234,4,178,234,C->A,clean_distinct,-8 -6 -5,125,C,-4 1 8,81,B
81 125 226,81 125 186,81 125,B C,2,81 125 186 226,4,226,186,C->A,clean_distinct,-10 -5 0,125,C,-1 4 -8,81,B
81 125 244,81 125 168,81 125,B C,2,81 125 168 244,4,244,168,C->A,clean_distinct,-11 -2 0,125,C,-1 -4 -8,81,B
81 137 250,81 137 186,81 137,B C,2,81 137 186 250,4,250,186,C->A,clean_distinct,-11 -4 0,137,C,-4 7 -4,81,B
81 149 212,81 149 248,81 149,B C,2,81 149 212 248,4,212,248,C->A,clean_distinct,-12 -2 -1,149,C,0 0 -9,81,B
81 149 244,81 149 216,81 149,B C,2,81 149 216 244,4,244,216,C->A,clean_distinct,-9 -8 -2,149,C,-1 4 -8,81,B
81 153 244,81 153 224,81 153,B C,2,81 153 224 244,4,244,224,C->A,clean_distinct,-11 -4 -4,153,C,-1 -4 8,81,B
81 153 250,81 153 218,81 153,B C,2,81 153 218 250,4,250,218,C->A,clean_distinct,-11 -4 -4,153,C,-4 1 8,81,B
81 85 164,81 85 168,81 85,B C,2,81 85 164 168,4,164,168,C->A,clean_distinct,-9 -2 0,85,C,-1 4 -8,81,B
81 85 180,81 85 152,81 85,B C,2,81 85 152 180,4,180,152,C->A,clean_distinct,-9 -2 0,85,C,-1 8 -4,81,B
81 97 170,81 97 186,81 97,B C,2,81 97 170 186,4,170,186,C->A,clean_distinct,-9 -4 0,97,C,-4 8 -1,81,B
82 110 130,82 110 254,82 110,C B,2,82 110 130 254,4,130,254,C->A,clean_distinct,-10 -3 -1,110,B,-3 -3 8,82,C
82 110 136,82 110 248,82 110,C B,2,82 110 136 248,4,136,248,C->A,clean_distinct,-10 -3 -1,110,B,0 -9 -1,82,C
82 110 178,82 110 206,82 110,C B,2,82 110 178 206,4,178,206,C->A,clean_distinct,-9 -5 -2,110,B,-3 8 -3,82,C
82 110 226,82 110 158,82 110,C B,2,82 110 158 226,4,226,158,C->A,clean_distinct,-10 -3 -1,110,B,-1 9 0,82,C
82 110 250,82 110 134,82 110,C B,2,82 110 134 250,4,250,134,C->A,clean_distinct,-10 -3 -1,110,B,-3 3 -8,82,C
82 94 136,82 94 216,82 94,C B,2,82 94 136 216,4,136,216,C->A,clean_distinct,-9 -3 -2,94,B,-3 -3 8,82,C
82 94 170,82 94 182,82 94,C B,2,82 94 170 182,4,170,182,C->A,clean_distinct,-9 -3 -2,94,B,-3 8 3,82,C
83 109 178,83 109 206,83 109,B C,2,83 109 178 206,4,178,206,C->A,clean_distinct,-10 -3 0,109,C,-1 1 -9,83,B
83 109 226,83 109 158,83 109,B C,2,83 109 158 226,4,226,158,C->A,clean_distinct,-10 -3 0,109,C,-1 9 -1,83,B
83 109 250,83 109 134,83 109,B C,2,83 109 134 250,4,250,134,C->A,clean_distinct,-10 -3 0,109,C,-5 7 -3,83,B
83 117 250,83 117 150,83 117,B C,2,83 117 150 250,4,250,150,C->A,clean_distinct,-10 -4 -1,117,C,-5 7 -3,83,B
83 145 202,83 145 254,83 145,B C,2,83 145 202 254,4,202,254,C->A,clean_distinct,-12 -1 0,145,C,-1 -1 -9,83,B
83 145 250,83 145 206,83 145,B C,2,83 145 206 250,4,250,206,C->A,clean_distinct,-12 -1 0,145,C,-1 1 -9,83,B
83 153 250,83 153 222,83 153,B C,2,83 153 222 250,4,250,222,C->A,clean_distinct,-10 -7 -2,153,C,-5 7 -3,83,B
83 157 226,83 157 254,83 157,B C,2,83 157 226 254,4,226,254,C->A,clean_distinct,-12 -3 -2,157,C,-3 5 7,83,B
83 169 250,83 169 254,83 169,B C,2,83 169 250 254,4,250,254,C->A,clean_distinct,-12 -5 0,169,C,-3 7 -5,83,B
83 85 130,83 85 206,83 85,B C,2,83 85 130 206,4,130,206,C->A,clean_distinct,-7 -6 0,85,C,-7 5 -3,83,B
83 85 202,83 85 134,83 85,B C,2,83 85 134 202,4,202,134,C->A,clean_distinct,-9 -2 0,85,C,-3 5 -7,83,B
83 97 178,83 97 182,83 97,B C,2,83 97 178 182,4,178,182,C->A,clean_distinct,-9 -4 0,97,C,-3 7 -5,83,B
83 97 226,83 97 134,83 97,B C,2,83 97 134 226,4,226,134,C->A,clean_distinct,-7 -5 -3,83,B,-5 6 -6,97,C
84 116 232,84 116 168,84 116,B C,2,84 116 168 232,4,232,168,C->A,clean_distinct,-8 -6 -4,116,C,-2 8 -4,84,B
84 90 202,84 90 146,84 90,B C,2,84 90 146 202,4,202,146,C->A,clean_distinct,-8 -5 -1,90,C,-4 2 8,84,B
85 105 164,85 105 216,85 105,C B,2,85 105 164 216,4,164,216,C->A,clean_distinct,-10 -2 -1,105,B,0 -2 -9,85,C
85 105 212,85 105 168,85 105,C B,2,85 105 168 212,4,212,168,C->A,clean_distinct,-10 -2 -1,105,B,-2 0 9,85,C
85 107 130,85 107 254,85 107,C B,2,85 107 130 254,4,130,254,C->A,clean_distinct,-7 -7 -3,107,B,-7 0 6,85,C
85 107 178,85 107 206,85 107,C B,2,85 107 178 206,4,178,206,C->A,clean_distinct,-7 -7 -3,107,B,-7 6 0,85,C
85 107 250,85 107 134,85 107,C B,2,85 107 134 250,4,250,134,C->A,clean_distinct,-9 -5 -1,107,B,0 -7 6,85,C
85 129 212,85 129 216,85 129,C B,2,85 129 212 216,4,212,216,C->A,clean_distinct,-8 -7 -4,129,B,-6 7 0,85,C
85 131 178,85 131 254,85 131,C B,2,85 131 178 254,4,178,254,C->A,clean_distinct,-9 -5 -5,131,B,-6 0 7,85,C
85 131 226,85 131 206,85 131,C B,2,85 131 206 226,4,226,206,C->A,clean_distinct,-11 -3 -1,131,B,-2 9 0,85,C
85 133 202,85 133 234,85 133,C B,2,85 133 202 234,4,202,234,C->A,clean_distinct,-9 -6 -4,133,B,0 -6 7,85,C
85 155 226,85 155 254,85 155,C B,2,85 155 226 254,4,226,254,C->A,clean_distinct,-9 -7 -5,155,B,0 -6 7,85,C
85 161 244,85 161 248,85 161,C B,2,85 161 244 248,4,244,248,C->A,clean_distinct,-12 -4 -1,161,B,0 -2 9,85,C
85 91 170,85 91 182,85 91,C B,2,85 91 170 182,4,170,182,C->A,clean_distinct,-9 -3 -1,91,B,0 -2 9,85,C
88 136 232,88 136 216,88 136,B C,2,88 136 216 232,4,232,216,C->A,clean_distinct,-10 -6 0,136,C,-4 6 -6,88,B
88 90 170,88 90 186,88 90,B C,2,88 90 170 186,4,170,186,C->A,clean_distinct,-8 -5 -1,90,C,-4 6 6,88,B
89 105 164,89 105 224,89 105,C B,2,89 105 164 224,4,164,224,C->A,clean_distinct,-10 -2 -1,105,B,-2 -2 9,89,C
89 105 170,89 105 218,89 105,C B,2,89 105 170 218,4,170,218,C->A,clean_distinct,-10 -2 -1,105,B,-2 7 -6,89,C
89 105 202,89 105 186,89 105,C B,2,89 105 186 202,4,202,186,C->A,clean_distinct,-10 -2 -1,105,B,-2 9 -2,89,C
89 107 170,89 107 222,89 107,C B,2,89 107 170 222,4,170,222,C->A,clean_distinct,-9 -5 -1,107,B,-4 3 8,89,C
89 115 202,89 115 206,89 115,C B,2,89 115 202 206,4,202,206,C->A,clean_distinct,-9 -5 -3,115,B,-3 8 -4,89,C
89 115 250,89 115 158,89 115,C B,2,89 115 158 250,4,250,158,C->A,clean_distinct,-9 -5 -3,115,B,-6 2 7,89,C
89 121 202,89 121 218,89 121,C B,2,89 121 202 218,4,202,218,C->A,clean_distinct,-9 -6 -2,121,B,-2 6 -7,89,C
89 121 226,89 121 194,89 121,C B,2,89 121 194 226,4,226,194,C->A,clean_distinct,-9 -6 -2,121,B,-6 7 2,89,C
89 123 170,89 123 254,89 123,C B,2,89 123 170 254,4,170,254,C->A,clean_distinct,-11 -1 -1,123,B,-3 4 8,89,C
89 123 202,89 123 222,89 123,C B,2,89 123 202 222,4,202,222,C->A,clean_distinct,-8 -5 0,89,C,-5 7 -7,123,B
89 129 202,89 129 234,89 129,C B,2,89 129 202 234,4,202,234,C->A,clean_distinct,-11 -2 -2,129,B,-2 -2 9,89,C
89 129 212,89 129 224,89 129,C B,2,89 129 212 224,4,212,224,C->A,clean_distinct,-10 -5 -2,129,B,-2 7 -6,89,C
89 129 250,89 129 186,89 129,C B,2,89 129 186 250,4,250,186,C->A,clean_distinct,-8 -8 -1,129,B,-4 3 -8,89,C
89 133 226,89 133 218,89 133,C B,2,89 133 218 226,4,226,218,C->A,clean_distinct,-9 -6 -4,133,B,0 -5 8,89,C
89 133 250,89 133 194,89 133,C B,2,89 133 194 250,4,250,194,C->A,clean_distinct,-9 -6 -4,133,B,-6 2 7,89,C
89 139 202,89 139 254,89 139,C B,2,89 139 202 254,4,202,254,C->A,clean_distinct,-9 -7 -3,139,B,-2 7 -6,89,C
89 139 250,89 139 206,89 139,C B,2,89 139 206 250,4,250,206,C->A,clean_distinct,-11 -3 -3,139,B,-4 3 8,89,C
89 141 212,89 141 248,89 141,C B,2,89 141 212 248,4,212,248,C->A,clean_distinct,-11 -4 -2,141,B,-3 8 -4,89,C
89 141 244,89 141 216,89 141,C B,2,89 141 216 244,4,244,216,C->A,clean_distinct,-11 -4 -2,141,B,-3 8 4,89,C
89 147 250,89 147 222,89 147,C B,2,89 147 222 250,4,250,222,C->A,clean_distinct,-11 -5 -1,147,B,-4 8 -3,89,C
89 163 250,89 163 254,89 163,C B,2,89 163 250 254,4,250,254,C->A,clean_distinct,-9 -9 -1,163,B,-4 3 8,89,C
89 91 178,89 91 182,89 91,C B,2,89 91 178 182,4,178,182,C->A,clean_distinct,-9 -3 -1,91,B,-3 8 4,89,C
89 91 202,89 91 158,89 91,C B,2,89 91 158 202,4,202,158,C->A,clean_distinct,-9 -3 -1,91,B,-2 9 2,89,C
89 91 226,89 91 134,89 91,C B,2,89 91 134 226,4,226,134,C->A,clean_distinct,-9 -3 -1,91,B,-3 4 -8,89,C
89 93 148,89 93 216,89 93,C B,2,89 93 148 216,4,148,216,C->A,clean_distinct,-8 -5 -2,93,B,-6 7 -2,89,C
89 93 178,89 93 186,89 93,C B,2,89 93 178 186,4,178,186,C->A,clean_distinct,-8 -5 -2,93,B,-4 8 -3,89,C
89 99 170,89 99 206,89 99,C B,2,89 99 170 206,4,170,206,C->A,clean_distinct,-9 -3 -3,99,B,-3 4 8,89,C
89 99 226,89 99 150,89 99,C B,2,89 99 150 226,4,226,150,C->A,clean_distinct,-9 -2 -2,89,C,-1 7 7,99,B
90 102 130,90 102 254,90 102,C B,2,90 102 130 254,4,130,254,C->A,clean_distinct,-7 -7 -2,102,B,-7 4 -5,90,C
90 102 136,90 102 248,90 102,C B,2,90 102 136 248,4,136,248,C->A,clean_distinct,-10 -1 -1,102,B,-4 5 7,90,C
90 102 178,90 102 206,90 102,C B,2,90 102 178 206,4,178,206,C->A,clean_distinct,-10 -1 -1,102,B,-1 -5 8,90,C
90 110 178,90 110 222,90 110,C B,2,90 110 178 222,4,178,222,C->A,clean_distinct,-9 -5 -2,110,B,-5 4 7,90,C
90 110 232,90 110 168,90 110,C B,2,90 110 168 232,4,232,168,C->A,clean_distinct,-8 -5 -1,90,C,-6 5 7,110,B
90 110 250,90 110 150,90 110,C B,2,90 110 150 250,4,250,150,C->A,clean_distinct,-10 -3 -1,110,B,-5 7 4,90,C
90 132 226,90 132 218,90 132,C B,2,90 132 218 226,4,226,218,C->A,clean_distinct,-10 -4 -4,132,B,-1 -5 8,90,C
90 132 250,90 132 194,90 132,C B,2,90 132 194 250,4,250,194,C->A,clean_distinct,-10 -4 -4,132,B,-5 1 8,90,C
90 138 202,90 138 254,90 138,C B,2,90 138 202 254,4,202,254,C->A,clean_distinct,-8 -7 -5,138,B,-1 5 -8,90,C
90 138 250,90 138 206,90 138,C B,2,90 138 206 250,4,250,206,C->A,clean_distinct,-11 -4 -1,138,B,-4 7 5,90,C
91 101 130,91 101 254,91 101,B C,2,91 101 130 254,4,130,254,C->A,clean_distinct,-10 -1 0,101,C,-3 -1 -9,91,B
91 101 178,91 101 206,91 101,B C,2,91 101 178 206,4,178,206,C->A,clean_distinct,-10 -1 0,101,C,-1 3 -9,91,B
91 101 202,91 101 182,91 101,B C,2,91 101 182 202,4,202,182,C->A,clean_distinct,-9 -4 -2,101,C,-3 1 9,91,B
91 101 226,91 101 158,91 101,B C,2,91 101 158 226,4,226,158,C->A,clean_distinct,-9 -3 -1,91,B,-1 6 8,101,C
91 101 250,91 101 134,91 101,B C,2,91 101 134 250,4,250,134,C->A,clean_distinct,-10 -1 0,101,C,-3 1 -9,91,B
91 113 202,91 113 206,91 113,B C,2,91 113 202 206,4,202,206,C->A,clean_distinct,-10 -3 -2,113,C,-3 9 1,91,B
91 113 226,91 113 182,91 113,B C,2,91 113 182 226,4,226,182,C->A,clean_distinct,-10 -3 -2,113,C,-1 9 -3,91,B
91 113 250,91 113 158,91 113,B C,2,91 113 158 250,4,250,158,C->A,clean_distinct,-10 -3 -2,113,C,-1 9 3,91,B
91 125 178,91 125 254,91 125,B C,2,91 125 178 254,4,178,254,C->A,clean_distinct,-9 -3 -1,91,B,-5 6 8,125,C
91 125 226,91 125 206,91 125,B C,2,91 125 206 226,4,226,206,C->A,clean_distinct,-11 -2 0,125,C,-1 3 -9,91,B
91 125 250,91 125 182,91 125,B C,2,91 125 182 250,4,250,182,C->A,clean_distinct,-11 -2 0,125,C,-1 -3 -9,91,B
91 137 250,91 137 206,91 137,B C,2,91 137 206 250,4,250,206,C->A,clean_distinct,-9 -3 -1,91,B,-3 8 -8,137,C
91 97 170,91 97 206,91 97,B C,2,91 97 170 206,4,170,206,C->A,clean_distinct,-9 -4 0,97,C,-3 9 -1,91,B
93 101 164,93 101 224,93 101,B C,2,93 101 164 224,4,164,224,C->A,clean_distinct,-10 -1 0,101,C,-2 5 -8,93,B
93 101 170,93 101 218,93 101,B C,2,93 101 170 218,4,170,218,C->A,clean_distinct,-10 -1 0,101,C,-2 8 -5,93,B
93 101 202,93 101 186,93 101,B C,2,93 101 186 202,4,202,186,C->A,clean_distinct,-9 -4 -2,101,C,-2 8 -5,93,B
93 113 164,93 113 248,93 113,B C,2,93 113 164 248,4,164,248,C->A,clean_distinct,-10 -3 -2,113,C,-2 5 -8,93,B
93 113 178,93 113 234,93 113,B C,2,93 113 178 234,4,178,234,C->A,clean_distinct,-10 -3 -2,113,C,-2 8 5,93,B
93 113 244,93 113 168,93 113,B C,2,93 113 168 244,4,244,168,C->A,clean_distinct,-10 -3 -2,113,C,-2 -5 8,93,B
93 117 226,93 117 194,93 117,B C,2,93 117 194 226,4,226,194,C->A,clean_distinct,-10 -4 -1,117,C,-2 5 -8,93,B
93 125 212,93 125 224,93 125,B C,2,93 125 212 224,4,212,224,C->A,clean_distinct,-10 -4 -3,125,C,-2 8 -5,93,B
93 125 250,93 125 186,93 125,B C,2,93 125 186 250,4,250,186,C->A,clean_distinct,-10 -4 -3,125,C,-2 -5 8,93,B
93 137 226,93 137 234,93 137,B C,2,93 137 226 234,4,226,234,C->A,clean_distinct,-11 -4 0,137,C,-2 5 -8,93,B
93 149 250,93 149 234,93 149,B C,2,93 149 234 250,4,250,234,C->A,clean_distinct,-8 -7 -6,149,C,-5 8 -2,93,B
93 153 244,93 153 248,93 153,B C,2,93 153 244 248,4,244,248,C->A,clean_distinct,-10 -7 -2,153,C,-2 5 -8,93,B
93 97 164,93 97 216,93 97,B C,2,93 97 164 216,4,164,216,C->A,clean_distinct,-9 -4 0,97,C,-5 8 -2,93,B
93 97 212,93 97 168,93 97,B C,2,93 97 168 212,4,212,168,C->A,clean_distinct,-8 -5 -2,93,B,-6 5 6,97,C
94 100 170,94 100 218,94 100,B C,2,94 100 170 218,4,170,218,C->A,clean_distinct,-9 -3 -2,94,B,0 -8 6,100,C
94 116 226,94 116 194,94 116,B C,2,94 116 194 226,4,226,194,C->A,clean_distinct,-10 -4 0,116,C,-2 3 -9,94,B
94 136 226,94 136 234,94 136,B C,2,94 136 226 234,4,226,234,C->A,clean_distinct,-10 -6 0,136,C,-2 3 -9,94,B
97 105 170,97 105 234,97 105,C B,2,97 105 170 234,4,170,234,C->A,clean_distinct,-9 -4 0,97,C,-4 5 -8,105,B
97 107 202,97 107 206,97 107,C B,2,97 107 202 206,4,202,206,C->A,clean_distinct,-9 -4 0,97,C,-3 7 -7,107,B
97 107 226,97 107 182,97 107,C B,2,97 107 182 226,4,226,182,C->A,clean_distinct,-9 -5 -1,107,B,0 -4 9,97,C
97 107 250,97 107 158,97 107,C B,2,97 107 158 250,4,250,158,C->A,clean_distinct,-9 -5 -1,107,B,-6 5 6,97,C
97 121 202,97 121 234,97 121,C B,2,97 121 202 234,4,202,234,C->A,clean_distinct,-9 -6 -2,121,B,-6 6 5,97,C
97 121 212,97 121 224,97 121,C B,2,97 121 212 224,4,212,224,C->A,clean_distinct,-9 -6 -2,121,B,-5 6 6,97,C
97 131 202,97 131 254,97 131,C B,2,97 131 202 254,4,202,254,C->A,clean_distinct,-9 -7 -1,131,B,-6 5 6,97,C
97 133 226,97 133 234,97 133,C B,2,97 133 226 234,4,226,234,C->A,clean_distinct,-9 -6 -4,133,B,-6 6 5,97,C
97 155 250,97 155 254,97 155,C B,2,97 155 250 254,4,250,254,C->A,clean_distinct,-11 -5 -3,155,B,-4 9 0,97,C
97 99 170,97 99 222,97 99,C B,2,97 99 170 222,4,170,222,C->A,clean_distinct,-7 -7 -1,99,B,-6 5 -6,97,C
99 101 178,99 101 222,99 101,B C,2,99 101 178 222,4,178,222,C->A,clean_distinct,-9 -4 -2,101,C,-5 5 7,99,B
99 113 170,99 113 254,99 113,B C,2,99 113 170 254,4,170,254,C->A,clean_distinct,-10 -3 -2,113,C,-5 5 7,99,B
99 113 202,99 113 222,99 113,B C,2,99 113 202 222,4,202,222,C->A,clean_distinct,-8 -7 0,113,C,-5 5 -7,99,B
99 117 178,99 117 254,99 117,B C,2,99 117 178 254,4,178,254,C->A,clean_distinct,-8 -7 -2,117,C,-5 5 -7,99,B
99 117 226,99 117 206,99 117,B C,2,99 117 206 226,4,226,206,C->A,clean_distinct,-8 -7 -2,117,C,-7 7 1,99,B
99 117 250,99 117 182,99 117,B C,2,99 117 182 250,4,250,182,C->A,clean_distinct,-10 -4 -1,117,C,-5 7 5,99,B
99 125 226,99 125 222,99 125,B C,2,99 125 222 226,4,226,222,C->A,clean_distinct,-8 -6 -5,125,C,-7 5 5,99,B
99 153 250,99 153 254,99 153,B C,2,99 153 250 254,4,250,254,C->A,clean_distinct,-10 -7 -2,153,C,-5 5 7,99,B
